stake_name,glacier_name,SGI_ID,WGMS_ID,date_from,time_from,date_to,time_to,latitude_from,longitude_from,altitude_from,d_t,d_x,d_y,d_z,ablation_m,velocity_xy,velocity_z
0306,Silvrettagletscher,A10g-05,408,2003-09-21,11:04:00,2004-09-21,13:31:00,800515.31,192889.65,2628.11,366.1,-5.96,-0.24,-0.28,-0.53,5.95,-0.28
0308,Silvrettagletscher,A10g-05,408,2003-09-21,16:35:00,2004-09-21,14:31:00,799827.45,192744.79,2538.54,365.9,-3.97,-0.42,-1.11,-1.28,3.99,-1.11
0312,Silvrettagletscher,A10g-05,408,2003-09-21,14:02:00,2004-09-21,13:03:00,800406.17,192586.92,2603.59,366.0,-6.06,1.09,-0.92,-0.47,6.14,-0.92
0311,Silvrettagletscher,A10g-05,408,2003-09-21,15:04:00,2004-09-21,12:31:00,800718.03,192205.65,2727.24,365.9,-1.3,1.36,-0.47,-0.52,1.88,-0.47
0307,Silvrettagletscher,A10g-05,408,2003-09-21,12:03:00,2004-09-21,14:01:00,800156.96,192867.07,2581.57,366.1,-3.88,-1.23,-0.46,,4.06,-0.46
0305,Silvrettagletscher,A10g-05,408,2003-09-21,10:05:00,2004-09-21,12:03:00,801074.48,192688.81,2722.98,366.1,-7.85,2.68,-1.51,-0.59,8.28,-1.51
0304,Silvrettagletscher,A10g-05,408,2003-09-22,13:32:00,2004-09-21,11:32:00,801754.06,192657.29,2823.07,364.9,-4.03,0.24,-1.88,,4.04,-1.88
0310,Silvrettagletscher,A10g-05,408,2003-09-22,12:33:00,2004-09-21,10:32:00,801543.92,191796.96,2942.56,364.9,-2.45,0.84,-1.29,-0.22,2.59,-1.29
0302,Silvrettagletscher,A10g-05,408,2003-09-22,11:08:00,2004-09-21,09:32:00,801927.13,192023.23,2959.29,364.9,-5.56,3.0,-2.55,,6.32,-2.55
0201,Silvrettagletscher,A10g-05,408,2003-09-22,12:02:00,2004-09-21,10:01:00,801838.36,191730.02,2984.62,364.9,-0.56,0.11,-2.17,-0.16,0.57,-2.17
0410,Silvrettagletscher,A10g-05,408,2004-09-21,10:36:00,2005-09-24,11:06:00,801489.31,191831.37,2931.97,368.0,-3.88,1.91,-2.71,0.33,4.29,-2.69
0404,Silvrettagletscher,A10g-05,408,2004-09-21,11:36:00,2005-09-24,13:02:00,801731.0,192632.11,2820.37,368.1,-4.78,1.33,-3.16,-0.48,4.92,-3.14
0305,Silvrettagletscher,A10g-05,408,2004-09-21,12:03:00,2005-09-24,14:02:00,801066.63,192691.49,2720.24,368.1,-7.69,4.37,2.98,-0.59,8.78,2.96
0306,Silvrettagletscher,A10g-05,408,2004-09-21,13:31:00,2005-09-24,16:02:00,800509.35,192889.41,2624.98,368.1,-6.3,0.82,0.27,-0.53,6.3,0.27
0407,Silvrettagletscher,A10g-05,408,2004-09-21,14:03:00,2005-09-25,09:32:00,800164.76,192869.13,2578.9,368.8,-4.16,0.07,0.1,-1.75,4.12,0.1
0308,Silvrettagletscher,A10g-05,408,2004-09-21,14:31:00,2005-09-25,10:02:00,799823.48,192744.37,2535.96,368.8,-3.79,-0.17,0.72,-1.28,3.76,0.71
0310,Silvrettagletscher,A10g-05,408,2004-09-21,10:32:00,2005-09-24,11:33:00,801541.47,191797.8,2939.42,368.0,-3.33,1.78,-0.85,,3.75,-0.84
0311,Silvrettagletscher,A10g-05,408,2004-09-21,12:31:00,2005-09-24,14:33:00,800716.73,192207.01,2724.67,368.1,-2.12,2.14,0.0,-0.52,2.99,0.0
0312,Silvrettagletscher,A10g-05,408,2004-09-21,13:03:00,2005-09-24,15:32:00,800400.11,192588.01,2600.02,368.1,-6.86,2.0,-0.59,-0.47,7.09,-0.59
0401,Silvrettagletscher,A10g-05,408,2004-09-21,10:04:00,2005-09-24,10:32:00,801841.04,191728.02,2981.46,368.0,-1.49,0.84,-2.7,-0.17,1.7,-2.68
0402,Silvrettagletscher,A10g-05,408,2004-09-21,09:34:00,2005-09-24,10:01:00,801928.15,192021.6,2955.57,368.0,-5.97,3.47,-2.03,-0.26,6.85,-2.01
0511,Silvrettagletscher,A10g-05,408,2005-09-24,14:38:00,2006-09-22,09:25:00,800718.81,192204.79,2724.34,362.8,-7.04,7.29,2.62,2.07,10.2,2.64
0512,Silvrettagletscher,A10g-05,408,2005-09-24,15:33:00,2006-09-22,10:00:00,800403.13,192583.67,2599.89,362.8,-7.03,2.88,2.51,1.32,7.65,2.53
0506,Silvrettagletscher,A10g-05,408,2005-09-24,16:03:00,2006-09-21,14:58:00,800516.25,192889.44,2624.44,362.0,-6.59,1.8,3.48,1.26,6.89,3.51
0501,Silvrettagletscher,A10g-05,408,2005-09-24,10:35:00,2006-09-21,10:02:00,801841.06,191727.97,2981.29,362.0,-2.22,1.86,0.93,2.74,2.92,0.94
0305,Silvrettagletscher,A10g-05,408,2005-09-24,14:02:00,2006-09-21,14:31:00,801058.94,192695.86,2722.06,362.0,-8.67,2.93,-1.45,-1.17,9.23,-1.46
0503,Silvrettagletscher,A10g-05,408,2005-09-24,12:33:00,2006-09-21,11:30:00,801786.24,192291.67,2890.69,362.0,-5.44,6.98,-1.8,2.5,8.93,-1.82
0402,Silvrettagletscher,A10g-05,408,2005-09-24,10:01:00,2006-09-21,09:06:00,801922.18,192025.07,2954.06,362.0,-6.54,4.55,1.45,1.11,8.04,1.46
0510,Silvrettagletscher,A10g-05,408,2005-09-24,11:10:00,2006-09-21,10:55:00,801491.31,191828.36,2932.3,362.0,-4.3,2.6,1.84,,5.07,1.86
0507,Silvrettagletscher,A10g-05,408,2005-09-25,09:33:00,2006-09-21,15:29:00,800164.96,192871.71,2577.15,361.2,-4.81,0.92,3.42,0.94,4.95,3.46
0508,Silvrettagletscher,A10g-05,408,2005-09-25,10:02:00,2006-09-21,15:58:00,799823.28,192743.65,2534.08,361.2,-4.62,1.06,3.0,0.71,4.79,3.03
0608,Silvrettagletscher,A10g-05,408,2006-09-21,16:05:00,2007-05-03,10:34:00,799822.42,192744.17,2535.28,223.8,-2.08,0.23,-0.31,,3.42,-0.51
0610,Silvrettagletscher,A10g-05,408,2006-09-21,11:06:00,2007-09-16,09:04:00,801500.37,191823.04,2936.38,359.9,-3.67,0.81,-4.12,,3.81,-4.18
0608,Silvrettagletscher,A10g-05,408,2006-09-21,16:05:00,2007-09-16,15:03:00,799822.42,192744.17,2535.28,360.0,-3.32,0.04,-0.74,-2.29,3.37,-0.75
0610,Silvrettagletscher,A10g-05,408,2006-09-21,11:06:00,2007-05-02,12:48:00,801500.37,191823.04,2936.38,223.1,-2.03,1.12,-0.73,,3.8,-1.2
0601,Silvrettagletscher,A10g-05,408,2006-09-21,10:33:00,2007-09-16,08:33:00,801841.2,191729.43,2984.03,359.9,-1.29,0.77,-1.13,-1.04,1.52,-1.15
0402,Silvrettagletscher,A10g-05,408,2006-09-21,09:06:00,2007-05-02,13:51:00,801915.64,192029.62,2955.5,223.2,-3.82,2.63,-1.28,,7.59,-2.09
0402,Silvrettagletscher,A10g-05,408,2006-09-21,09:06:00,2007-09-16,08:06:00,801915.64,192029.62,2955.5,360.0,-5.6,3.45,-2.0,1.12,6.67,-2.03
0603,Silvrettagletscher,A10g-05,408,2006-09-21,12:30:00,2007-09-16,10:06:00,801788.35,192293.13,2893.19,359.9,-4.14,5.98,-3.8,-0.46,7.38,-3.86
0604,Silvrettagletscher,A10g-05,408,2006-09-21,13:33:00,2007-05-02,14:07:00,801733.83,192631.24,2822.68,223.0,-2.54,0.87,-0.44,,4.4,-0.72
0604,Silvrettagletscher,A10g-05,408,2006-09-21,13:33:00,2007-09-16,10:39:00,801733.83,192631.24,2822.68,359.9,-4.59,1.22,-0.9,-1.71,4.82,-0.91
0606,Silvrettagletscher,A10g-05,408,2006-10-15,09:13:00,2007-05-03,08:44:00,800514.25,192894.25,2625.56,200.0,-2.46,0.31,-0.03,,4.53,-0.05
0611,Silvrettagletscher,A10g-05,408,2006-10-15,10:05:00,2007-05-02,15:41:00,800718.26,192206.96,2726.25,199.2,0.09,1.08,0.07,,1.99,0.13
0611,Silvrettagletscher,A10g-05,408,2006-10-15,10:05:00,2007-09-16,12:32:00,800718.26,192206.96,2726.25,336.1,-1.67,1.77,-0.26,-0.82,2.64,-0.28
0612,Silvrettagletscher,A10g-05,408,2006-10-15,09:00:00,2007-05-03,08:51:00,800401.2,192586.1,2600.72,200.0,-2.81,0.92,-0.3,,5.4,-0.55
0612,Silvrettagletscher,A10g-05,408,2006-10-15,09:00:00,2007-09-16,13:35:00,800401.2,192586.1,2600.72,336.2,-5.28,1.66,-0.56,-1.39,6.01,-0.61
0606,Silvrettagletscher,A10g-05,408,2006-10-15,09:13:00,2007-09-16,14:02:00,800514.25,192894.25,2625.56,336.2,-4.95,0.62,-0.09,-1.46,5.42,-0.1
0605,Silvrettagletscher,A10g-05,408,2006-10-15,09:39:00,2007-09-16,11:31:00,801068.83,192687.32,2722.04,336.1,-6.88,2.81,-0.98,-0.98,8.08,-1.06
0305,Silvrettagletscher,A10g-05,408,2006-10-15,09:43:00,2007-09-16,11:33:00,801049.73,192698.98,2718.95,336.1,-6.8,2.66,-0.78,,7.94,-0.85
0305,Silvrettagletscher,A10g-05,408,2006-10-15,09:43:00,2007-05-02,16:49:00,801049.73,192698.98,2718.95,199.3,-3.8,2.0,-0.67,,7.87,-1.23
0402,Silvrettagletscher,A10g-05,408,2007-05-02,13:51:00,2007-09-16,08:06:00,801911.82,192032.25,2956.11,136.8,-1.78,0.82,-0.72,,5.23,-1.92
0610,Silvrettagletscher,A10g-05,408,2007-05-02,12:48:00,2007-09-16,09:04:00,801498.34,191824.16,2937.55,136.8,-1.64,-0.31,-3.39,,4.46,-9.05
0305,Silvrettagletscher,A10g-05,408,2007-05-02,16:49:00,2007-09-16,11:33:00,801045.93,192700.98,2720.15,136.8,-3.0,0.66,-0.11,,8.2,-0.29
0604,Silvrettagletscher,A10g-05,408,2007-05-02,14:07:00,2007-09-16,10:39:00,801731.29,192632.11,2823.71,136.9,-2.05,0.35,-0.46,,5.55,-1.23
0611,Silvrettagletscher,A10g-05,408,2007-05-02,15:41:00,2007-09-16,12:32:00,800718.35,192208.04,2728.06,136.9,-1.76,0.69,-0.33,,5.04,-0.88
0612,Silvrettagletscher,A10g-05,408,2007-05-03,08:51:00,2007-09-16,13:35:00,800398.39,192587.02,2602.03,136.2,-2.47,0.74,-0.26,,6.91,-0.7
0606,Silvrettagletscher,A10g-05,408,2007-05-03,08:44:00,2007-09-16,14:02:00,800511.79,192894.56,2627.08,136.2,-2.49,0.31,-0.06,,6.73,-0.16
0608,Silvrettagletscher,A10g-05,408,2007-05-03,10:34:00,2007-09-16,15:03:00,799820.34,192744.4,2536.22,136.2,-1.24,-0.19,-0.43,,3.36,-1.15
0310,Silvrettagletscher,A10g-05,408,2007-09-16,09:12:00,2008-09-21,09:37:00,801531.46,191804.19,2940.45,371.0,-3.1,1.81,-0.46,,3.53,-0.45
0704,Silvrettagletscher,A10g-05,408,2007-09-16,11:07:00,2008-09-21,11:02:00,801729.31,192630.33,2820.93,371.0,-3.32,0.92,1.78,-1.19,3.39,1.75
0605,Silvrettagletscher,A10g-05,408,2007-09-16,11:31:00,2008-09-20,12:37:00,801061.95,192690.13,2720.16,370.0,-7.15,2.83,-0.47,,7.59,-0.46
0705,Silvrettagletscher,A10g-05,408,2007-09-16,11:35:00,2008-09-20,12:40:00,801073.97,192689.16,2721.44,370.0,-6.97,2.72,-0.38,-0.81,7.39,-0.38
0706,Silvrettagletscher,A10g-05,408,2007-09-16,14:03:00,2008-09-20,11:31:00,800515.76,192895.92,2624.14,369.9,-4.74,0.36,0.69,-1.74,4.69,0.68
0707,Silvrettagletscher,A10g-05,408,2007-09-16,14:33:00,2008-09-20,11:04:00,800164.97,192878.38,2576.45,369.9,-3.0,-0.16,0.31,-1.38,2.97,0.31
0708,Silvrettagletscher,A10g-05,408,2007-09-16,15:05:00,2008-09-20,09:05:00,799824.87,192744.1,2532.95,369.8,-2.18,-0.06,-2.6,-1.91,2.15,-2.57
0610,Silvrettagletscher,A10g-05,408,2007-09-16,09:04:00,2008-09-21,09:36:00,801496.7,191823.85,2932.52,371.0,-2.83,2.42,2.25,0.68,3.67,2.22
0611,Silvrettagletscher,A10g-05,408,2007-09-16,12:32:00,2008-09-20,14:05:00,800716.59,192208.73,2724.99,370.1,-1.72,1.76,2.57,,2.43,2.54
0711,Silvrettagletscher,A10g-05,408,2007-09-16,12:41:00,2008-09-20,14:00:00,800721.04,192203.96,2725.59,370.1,-1.69,1.72,1.41,-0.79,2.38,1.39
0712,Silvrettagletscher,A10g-05,408,2007-09-16,13:33:00,2008-09-20,15:07:00,800405.49,192583.11,2600.53,370.1,-5.38,1.6,-0.03,-0.56,5.54,-0.03
0701,Silvrettagletscher,A10g-05,408,2007-09-16,08:34:00,2008-09-21,09:01:00,801840.06,191729.74,2982.99,371.0,-2.11,0.03,-1.09,-0.73,2.08,-1.07
0702,Silvrettagletscher,A10g-05,408,2007-09-16,08:07:00,2008-09-21,08:36:00,801927.0,192022.91,2957.54,371.0,-5.49,3.43,-1.69,0.33,6.37,-1.66
0703,Silvrettagletscher,A10g-05,408,2007-09-16,10:09:00,2008-09-21,10:03:00,801783.11,192292.04,2892.68,371.0,-4.29,6.51,-3.38,,7.68,-3.33
0705,Silvrettagletscher,A10g-05,408,2008-09-20,12:40:00,2009-09-27,12:08:00,801067.0,192691.88,2720.12,372.0,-6.76,2.79,-1.54,,7.18,-1.51
0711,Silvrettagletscher,A10g-05,408,2008-09-20,14:00:00,2009-09-25,15:35:00,800719.35,192205.68,2726.1,370.1,-1.69,1.68,-1.8,-2.17,2.35,-1.78
0806,Silvrettagletscher,A10g-05,408,2008-09-20,11:37:00,2009-09-25,14:02:00,800519.89,192894.8,2624.29,370.1,-4.83,1.22,-1.25,-1.75,4.92,-1.23
0807,Silvrettagletscher,A10g-05,408,2008-09-20,11:04:00,2009-09-25,12:32:00,800168.77,192881.25,2575.79,370.1,-2.91,-0.1,-0.75,-2.91,2.87,-0.74
0611,Silvrettagletscher,A10g-05,408,2008-09-20,14:05:00,2009-09-25,15:37:00,800714.87,192210.49,2726.45,370.1,-1.47,1.49,-3.01,,2.07,-2.97
0812,Silvrettagletscher,A10g-05,408,2008-09-20,15:08:00,2009-09-27,12:29:00,800406.38,192586.97,2599.35,371.9,-5.02,1.25,-1.14,-2.7,5.08,-1.12
0815,Silvrettagletscher,A10g-05,408,2008-09-20,14:34:00,2009-09-26,15:04:00,801163.0,191986.51,2858.01,371.0,-4.81,2.15,-1.7,-1.88,5.19,-1.67
0813,Silvrettagletscher,A10g-05,408,2008-09-20,16:03:00,2009-09-25,11:06:00,799948.52,192607.36,2545.95,369.8,-3.5,-0.6,-0.46,-3.39,3.51,-0.45
0808,Silvrettagletscher,A10g-05,408,2008-09-20,10:35:00,2009-09-25,10:37:00,799835.5,192739.58,2532.88,370.0,-2.69,0.26,-0.59,-2.62,2.67,-0.58
0809,Silvrettagletscher,A10g-05,408,2008-09-20,16:32:00,2009-09-25,09:33:00,799652.47,192729.13,2496.5,369.7,-2.26,-0.02,-0.71,-3.9,2.23,-0.7
0805,Silvrettagletscher,A10g-05,408,2008-09-20,12:41:00,2009-09-27,12:07:00,801076.08,192688.33,2720.63,372.0,-6.62,2.84,-0.89,-1.48,7.07,-0.87
0818,Silvrettagletscher,A10g-05,408,2008-09-20,13:09:00,2009-09-25,16:34:00,800767.15,192541.3,2693.11,370.1,-7.27,2.6,-1.7,-1.39,7.62,-1.68
0610,Silvrettagletscher,A10g-05,408,2008-09-21,09:36:00,2009-09-27,11:27:00,801493.87,191826.27,2934.92,371.1,-2.95,1.61,-1.97,-2.53,3.31,-1.94
0702,Silvrettagletscher,A10g-05,408,2008-09-21,08:36:00,2009-09-26,11:01:00,801921.51,192026.34,2956.63,370.1,-5.57,3.51,-2.74,-1.4,6.5,-2.7
0803,Silvrettagletscher,A10g-05,408,2008-09-21,10:05:00,2009-09-26,10:03:00,801785.97,192291.94,2893.63,370.0,-4.46,6.21,-4.65,-1.12,7.55,-4.59
0804,Silvrettagletscher,A10g-05,408,2008-09-21,11:07:00,2009-09-26,09:32:00,801740.85,192631.39,2823.64,369.9,-5.71,1.55,-2.67,-1.19,5.84,-2.64
0701,Silvrettagletscher,A10g-05,408,2008-09-21,09:01:00,2009-09-27,11:09:00,801837.95,191729.77,2982.3,371.1,-0.22,1.67,-1.32,-1.18,1.66,-1.3
0310,Silvrettagletscher,A10g-05,408,2008-09-21,09:37:00,2009-09-27,11:25:00,801528.36,191806.0,2940.29,371.1,-2.31,1.54,-2.67,,2.73,-2.63
0817,Silvrettagletscher,A10g-05,408,2008-09-21,11:28:00,2009-09-26,08:31:00,801453.0,192818.0,2775.0,369.9,-5.88,2.31,1.41,0.78,6.24,1.39
0816,Silvrettagletscher,A10g-05,408,2008-09-21,11:39:00,2009-09-25,15:03:00,801340.0,192371.0,2771.0,369.1,-7.39,1.8,-2.66,,7.53,-2.63
0908,Silvrettagletscher,A10g-05,408,2009-09-25,10:37:00,2010-09-12,10:46:00,799822.96,192732.62,2529.0,352.0,-2.0,0.16,-0.49,-1.69,2.08,-0.51
0906,Silvrettagletscher,A10g-05,408,2009-09-25,14:04:00,2010-09-12,08:01:00,800524.4,192887.11,2622.12,351.7,-3.94,0.64,0.04,-1.1,4.15,0.04
0907,Silvrettagletscher,A10g-05,408,2009-09-25,12:35:00,2010-09-12,09:54:00,800171.42,192871.47,2572.99,351.9,-2.07,-0.02,-0.18,-1.26,2.15,-0.19
0909,Silvrettagletscher,A10g-05,408,2009-09-25,09:33:00,2010-09-12,11:00:00,799666.44,192731.1,2496.55,352.1,-1.57,0.09,-0.13,-2.31,1.63,-0.13
0911,Silvrettagletscher,A10g-05,408,2009-09-25,15:38:00,2010-09-11,14:21:00,800727.41,192200.72,2724.07,350.9,-0.92,1.37,-0.18,0.08,1.72,-0.19
0913,Silvrettagletscher,A10g-05,408,2009-09-25,11:09:00,2010-09-12,10:14:00,799947.36,192611.39,2542.85,352.0,-2.31,-0.87,0.2,-2.01,2.56,0.21
0816,Silvrettagletscher,A10g-05,408,2009-09-25,15:03:00,2010-09-11,13:52:00,801332.61,192372.8,2766.96,351.0,-7.04,3.2,-0.73,,8.05,-0.76
0818,Silvrettagletscher,A10g-05,408,2009-09-25,16:34:00,2010-09-11,15:38:00,800759.88,192543.9,2689.92,351.0,-6.1,2.29,-1.23,-1.39,6.78,-1.28
0904,Silvrettagletscher,A10g-05,408,2009-09-26,09:33:00,2010-09-11,13:16:00,801745.38,192633.44,2820.86,350.2,-3.61,1.25,-1.88,-1.03,3.98,-1.96
0915,Silvrettagletscher,A10g-05,408,2009-09-26,15:08:00,2010-09-11,14:57:00,801163.73,191987.33,2856.13,350.0,-3.9,1.8,-1.05,-0.82,4.48,-1.1
0917,Silvrettagletscher,A10g-05,408,2009-09-26,08:33:00,2010-09-12,07:15:00,801454.31,192817.41,2776.0,350.9,-3.67,0.88,-0.55,-0.7,3.93,-0.57
0702,Silvrettagletscher,A10g-05,408,2009-09-26,11:01:00,2010-09-11,10:20:00,801915.94,192029.85,2953.95,350.0,-4.86,3.31,-2.06,-0.25,6.14,-2.15
0903,Silvrettagletscher,A10g-05,408,2009-09-26,10:03:00,2010-09-11,12:26:00,801786.72,192296.73,2890.93,350.1,-3.79,5.32,-4.76,0.21,6.81,-4.97
0901,Silvrettagletscher,A10g-05,408,2009-09-27,11:10:00,2010-09-11,11:08:00,801851.42,191727.56,2982.54,349.0,-1.2,0.8,-2.14,-0.18,1.51,-2.24
0905,Silvrettagletscher,A10g-05,408,2009-09-27,12:07:00,2010-09-12,07:30:00,801082.05,192686.33,2720.38,349.8,-6.04,2.69,-0.82,-0.44,6.9,-0.86
0910,Silvrettagletscher,A10g-05,408,2009-09-27,11:26:00,2010-09-11,11:58:00,801515.31,191813.91,2935.86,349.0,-2.71,1.51,-1.62,-1.03,3.25,-1.7
0912,Silvrettagletscher,A10g-05,408,2009-09-27,12:30:00,2010-09-12,08:19:00,800404.66,192581.55,2597.16,349.8,-4.57,1.45,-0.5,-1.01,5.01,-0.52
0310,Silvrettagletscher,A10g-05,408,2009-09-27,11:25:00,2010-09-11,11:57:00,801526.05,191807.54,2937.41,349.0,-2.67,1.5,-0.79,,3.21,-0.83
0805,Silvrettagletscher,A10g-05,408,2009-09-27,12:07:00,2010-09-12,07:32:00,801069.46,192691.17,2718.46,349.8,-6.02,2.62,-0.8,,6.86,-0.84
0818,Silvrettagletscher,A10g-05,408,2010-09-11,15:38:00,2011-09-11,08:12:00,800753.78,192546.19,2687.98,364.7,-6.23,2.22,-1.31,-1.79,6.62,-1.31
0915,Silvrettagletscher,A10g-05,408,2010-09-11,14:57:00,2011-09-11,09:13:00,801159.83,191989.13,2854.29,364.8,-4.49,1.81,-0.89,-1.45,4.85,-0.89
0911,Silvrettagletscher,A10g-05,408,2010-09-11,14:21:00,2011-09-11,13:11:00,800726.49,192202.09,2723.14,365.0,-1.44,1.48,-0.31,-1.77,2.07,-0.31
0310,Silvrettagletscher,A10g-05,408,2010-09-11,11:57:00,2011-09-11,10:02:00,801512.6,191815.42,2935.09,364.9,-2.82,1.81,0.01,,3.35,0.01
0910,Silvrettagletscher,A10g-05,408,2010-09-11,11:58:00,2011-09-11,10:01:00,801523.38,191809.04,2936.64,364.9,-2.83,1.64,-2.23,-1.03,3.27,-2.23
1004,Silvrettagletscher,A10g-05,408,2010-09-11,13:20:00,2011-09-11,10:56:00,801742.59,192633.45,2819.84,364.9,-3.86,1.03,-2.78,-1.03,4.0,-2.78
1003,Silvrettagletscher,A10g-05,408,2010-09-11,12:30:00,2011-09-11,10:44:00,801785.89,192291.86,2892.72,364.9,-4.25,5.62,-4.98,-0.64,7.05,-4.98
1002,Silvrettagletscher,A10g-05,408,2010-09-11,10:23:00,2011-09-11,10:30:00,801927.14,192022.95,2956.22,365.0,-5.2,3.06,-2.07,-1.55,6.04,-2.07
1001,Silvrettagletscher,A10g-05,408,2010-09-11,11:12:00,2011-09-11,10:18:00,801840.24,191728.91,2980.9,365.0,-1.29,0.74,-1.93,-1.24,1.49,-1.93
1013,Silvrettagletscher,A10g-05,408,2010-09-12,10:16:00,2011-09-11,13:50:00,799949.3,192611.66,2541.19,364.1,-2.8,-0.68,-0.13,-6.1,2.89,-0.13
1012,Silvrettagletscher,A10g-05,408,2010-09-12,08:22:00,2011-09-11,12:54:00,800406.01,192587.0,2595.64,364.2,-4.53,1.32,-0.54,-1.94,4.73,-0.54
0908,Silvrettagletscher,A10g-05,408,2010-09-12,10:46:00,2011-09-11,14:20:00,799820.96,192732.78,2526.89,364.1,-2.31,-0.21,-1.01,-2.79,2.33,-1.01
1006,Silvrettagletscher,A10g-05,408,2010-09-12,08:02:00,2011-09-11,12:40:00,800515.02,192890.03,2619.87,364.2,-4.23,0.64,-0.07,-2.04,4.29,-0.07
0907,Silvrettagletscher,A10g-05,408,2010-09-12,09:54:00,2011-09-11,13:25:00,800169.35,192871.45,2571.08,364.1,-2.27,-0.2,-0.39,-3.26,2.29,-0.39
0905,Silvrettagletscher,A10g-05,408,2010-09-12,07:30:00,2011-09-11,11:31:00,801076.01,192689.02,2718.92,364.2,-6.06,2.58,-1.12,-1.63,6.61,-1.12
0917,Silvrettagletscher,A10g-05,408,2010-09-12,07:15:00,2011-09-11,11:16:00,801450.64,192818.29,2774.76,364.2,-3.89,0.7,-0.49,-1.59,3.96,-0.49
0909,Silvrettagletscher,A10g-05,408,2010-09-12,11:00:00,2011-09-11,14:53:00,799664.87,192731.19,2494.07,364.2,-2.01,0.27,-1.2,-4.52,2.03,-1.2
1112,Silvrettagletscher,A10g-05,408,2011-09-11,12:54:00,2012-09-23,13:16:00,800408.47,192584.67,2594.12,378.0,-4.37,1.42,-0.42,-1.94,4.44,-0.41
0310,Silvrettagletscher,A10g-05,408,2011-09-11,10:02:00,2012-09-23,10:29:00,801520.56,191810.85,2934.38,378.0,-2.71,1.41,-0.68,-0.7,2.95,-0.66
1109,Silvrettagletscher,A10g-05,408,2011-09-11,14:52:00,2012-09-23,13:35:00,799670.36,192735.02,2491.95,377.9,-1.74,0.21,-1.07,-4.52,1.69,-1.03
1108,Silvrettagletscher,A10g-05,408,2011-09-11,14:40:00,2012-09-21,14:54:00,799833.52,192733.48,2525.86,376.0,-1.98,-0.06,-0.46,-2.8,1.92,-0.45
1107,Silvrettagletscher,A10g-05,408,2011-09-11,13:26:00,2012-09-21,07:40:00,800178.75,192873.79,2569.67,375.8,-2.51,0.03,0.11,-3.26,2.44,0.11
1106,Silvrettagletscher,A10g-05,408,2011-09-11,12:41:00,2012-09-21,08:35:00,800525.17,192889.76,2619.01,375.8,-4.28,0.78,-0.02,-2.04,4.23,-0.02
1105,Silvrettagletscher,A10g-05,408,2011-09-11,11:29:00,2012-09-21,09:59:00,801084.73,192687.29,2718.11,375.9,-5.78,2.68,-0.32,-1.64,6.19,-0.31
0905,Silvrettagletscher,A10g-05,408,2011-09-11,11:31:00,2012-09-21,10:00:00,801069.95,192691.6,2716.18,375.9,-5.98,2.51,-0.46,,6.3,-0.45
1104,Silvrettagletscher,A10g-05,408,2011-09-11,10:56:00,2012-09-21,11:38:00,801745.9,192634.46,2817.98,376.0,-4.06,1.26,-1.07,-1.04,4.13,-1.04
1103,Silvrettagletscher,A10g-05,408,2011-09-11,10:43:00,2012-09-23,11:12:00,801784.51,192290.36,2892.08,378.0,-4.04,5.7,-4.44,-0.94,6.75,-4.29
1102,Silvrettagletscher,A10g-05,408,2011-09-11,10:30:00,2012-09-23,09:06:00,801926.52,192022.89,2954.67,377.9,-4.91,3.04,0.18,-0.95,5.58,0.17
1101,Silvrettagletscher,A10g-05,408,2011-09-11,10:18:00,2012-09-23,09:43:00,801843.22,191728.7,2979.66,378.0,-1.17,0.81,-0.66,-1.96,1.38,-0.64
1006,Silvrettagletscher,A10g-05,408,2011-09-11,12:40:00,2012-09-21,08:36:00,800510.79,192890.67,2617.32,375.8,-4.0,0.69,0.06,,3.95,0.06
1118,Silvrettagletscher,A10g-05,408,2011-09-11,08:13:00,2012-09-21,12:17:00,800759.42,192543.49,2687.07,376.2,-6.51,2.19,-1.03,-1.79,6.67,-1.0
1117,Silvrettagletscher,A10g-05,408,2011-09-11,11:15:00,2012-09-21,11:05:00,801460.73,192822.91,2774.32,376.0,-3.56,0.77,-0.35,-1.59,3.54,-0.34
1115,Silvrettagletscher,A10g-05,408,2011-09-11,09:14:00,2012-09-23,12:38:00,801169.02,191987.04,2855.05,378.1,-4.18,2.0,-0.48,-1.46,4.48,-0.46
1113,Silvrettagletscher,A10g-05,408,2011-09-11,13:54:00,2012-09-21,15:27:00,799965.34,192611.74,2539.67,376.1,-2.82,-0.72,0.03,-6.11,2.83,0.03
1111,Silvrettagletscher,A10g-05,408,2011-09-11,13:08:00,2012-09-21,13:20:00,800736.17,192196.23,2722.64,376.0,-1.15,1.24,0.04,-1.77,1.64,0.04
1208,Silvrettagletscher,A10g-05,408,2012-09-21,14:57:00,2013-09-21,15:08:00,799827.37,192744.33,2521.42,365.0,-1.81,-0.02,-0.54,-2.11,1.81,-0.54
1117,Silvrettagletscher,A10g-05,408,2012-09-21,11:05:00,2013-09-21,09:49:00,801457.17,192823.68,2772.55,364.9,-3.06,0.76,-0.41,-0.37,3.16,-0.41
1218,Silvrettagletscher,A10g-05,408,2012-09-21,12:19:00,2013-09-21,13:20:00,800767.01,192541.03,2686.75,365.0,-5.45,2.0,-0.99,-0.76,5.81,-0.99
1104,Silvrettagletscher,A10g-05,408,2012-09-21,11:38:00,2013-09-21,11:19:00,801741.84,192635.72,2816.7,365.0,-3.43,1.1,-0.67,0.21,3.6,-0.67
1205,Silvrettagletscher,A10g-05,408,2012-09-21,10:04:00,2013-09-21,09:18:00,801074.05,192688.95,2715.44,365.0,-5.0,2.35,-0.84,-0.69,5.53,-0.84
1106,Silvrettagletscher,A10g-05,408,2012-09-21,08:35:00,2013-09-21,08:54:00,800520.89,192890.54,2616.36,365.0,-3.47,0.72,-0.03,,3.55,-0.03
1206,Silvrettagletscher,A10g-05,408,2012-09-21,08:39:00,2013-09-21,08:52:00,800514.94,192890.09,2615.79,365.0,-3.67,0.53,-0.02,-1.36,3.71,-0.02
1207,Silvrettagletscher,A10g-05,408,2012-09-21,07:44:00,2013-09-21,08:29:00,800164.84,192871.41,2565.4,365.0,-1.56,-0.08,-0.21,-1.75,1.56,-0.21
1111,Silvrettagletscher,A10g-05,408,2012-09-21,13:20:00,2013-09-21,12:01:00,800735.02,192197.47,2721.07,364.9,-1.1,1.0,-0.1,-0.66,1.49,-0.1
1213,Silvrettagletscher,A10g-05,408,2012-09-21,15:29:00,2013-09-21,14:31:00,799949.2,192607.13,2534.34,365.0,-2.14,-0.41,0.04,-2.58,2.18,0.04
1216,Silvrettagletscher,A10g-05,408,2012-09-21,11:59:00,2013-09-21,11:39:00,801340.03,192370.99,2764.41,365.0,-6.54,3.16,-0.51,-0.27,7.27,-0.51
1209,Silvrettagletscher,A10g-05,408,2012-09-23,13:34:00,2013-09-21,15:22:00,799675.83,192737.68,2489.76,363.1,-1.42,-0.02,-0.2,-2.91,1.43,-0.2
0310,Silvrettagletscher,A10g-05,408,2012-09-23,10:29:00,2013-09-22,11:40:00,801517.85,191812.26,2933.41,364.1,-2.61,1.36,-0.65,-0.7,2.95,-0.65
1202,Silvrettagletscher,A10g-05,408,2012-09-23,09:10:00,2013-09-22,10:04:00,801927.36,192021.04,2953.72,364.0,-4.42,2.72,-1.63,0.35,5.21,-1.64
1112,Silvrettagletscher,A10g-05,408,2012-09-23,13:16:00,2013-09-21,13:45:00,800404.1,192586.09,2591.11,363.0,-3.78,1.19,-0.54,-1.94,3.99,-0.54
1201,Silvrettagletscher,A10g-05,408,2012-09-23,09:46:00,2013-09-22,11:02:00,801840.03,191730.28,2977.7,364.1,-1.0,0.93,-0.67,0.45,1.37,-0.67
1115,Silvrettagletscher,A10g-05,408,2012-09-23,12:38:00,2013-09-21,12:39:00,801164.84,191989.04,2852.75,363.0,-4.31,0.72,-1.38,-0.03,4.4,-1.39
1203,Silvrettagletscher,A10g-05,408,2012-09-23,11:13:00,2013-09-22,12:26:00,801781.59,192294.05,2889.43,364.1,-3.37,5.19,-4.19,,6.21,-4.2
1317,Silvrettagletscher,A10g-05,408,2013-09-21,09:51:00,2014-09-20,16:28:00,801452.99,192818.0,2771.53,364.3,-3.17,0.82,-0.2,-0.71,3.28,-0.2
1104,Silvrettagletscher,A10g-05,408,2013-09-21,11:19:00,2014-09-20,13:43:00,801738.41,192636.82,2816.81,364.1,-3.7,1.23,-0.73,-0.98,3.91,-0.73
1205,Silvrettagletscher,A10g-05,408,2013-09-21,09:18:00,2014-09-20,16:13:00,801069.05,192691.3,2714.09,364.3,-5.19,2.14,-0.78,-1.26,5.63,-0.78
1206,Silvrettagletscher,A10g-05,408,2013-09-21,08:52:00,2014-09-20,16:55:00,800511.27,192890.62,2614.05,364.3,-3.07,0.29,-0.05,,3.09,-0.05
1306,Silvrettagletscher,A10g-05,408,2013-09-21,08:55:00,2014-09-20,16:54:00,800514.98,192890.02,2614.43,364.3,-3.41,0.45,-0.02,-1.43,3.45,-0.02
1207,Silvrettagletscher,A10g-05,408,2013-09-21,08:29:00,2014-09-21,07:09:00,800163.28,192871.33,2563.54,364.9,-1.63,-0.07,-0.27,-2.01,1.63,-0.27
1208,Silvrettagletscher,A10g-05,408,2013-09-21,15:08:00,2014-09-21,08:33:00,799825.56,192744.31,2519.08,364.7,-1.32,0.07,-0.58,-2.44,1.32,-0.58
1309,Silvrettagletscher,A10g-05,408,2013-09-21,15:25:00,2014-09-21,09:00:00,799697.2,192736.11,2492.9,364.7,-1.17,0.11,-0.23,-2.86,1.18,-0.23
1111,Silvrettagletscher,A10g-05,408,2013-09-21,12:01:00,2014-09-20,14:45:00,800733.92,192198.47,2720.38,364.1,-1.05,1.02,-0.23,-1.34,1.47,-0.23
1312,Silvrettagletscher,A10g-05,408,2013-09-21,13:48:00,2014-09-21,07:47:00,800405.5,192584.2,2590.26,364.7,-3.6,1.02,-0.48,-1.73,3.75,-0.48
1313,Silvrettagletscher,A10g-05,408,2013-09-21,14:34:00,2014-09-21,08:02:00,799966.13,192611.18,2534.41,364.7,-2.13,-0.42,-0.02,-2.92,2.17,-0.02
1315,Silvrettagletscher,A10g-05,408,2013-09-21,12:41:00,2014-09-20,15:34:00,801163.0,191986.98,2852.37,364.1,-3.91,1.63,-0.85,-1.04,4.25,-0.85
1216,Silvrettagletscher,A10g-05,408,2013-09-21,11:39:00,2014-09-20,14:29:00,801333.49,192374.15,2763.21,364.1,-6.64,3.0,-0.48,-0.96,7.31,-0.48
1218,Silvrettagletscher,A10g-05,408,2013-09-21,13:20:00,2014-09-20,15:59:00,800761.56,192543.03,2685.14,364.1,-5.31,1.92,-1.0,-1.22,5.66,-1.0
1302,Silvrettagletscher,A10g-05,408,2013-09-22,10:06:00,2014-09-20,09:58:00,801926.98,192022.98,2954.07,363.0,-4.7,2.83,-1.87,0.08,5.52,-1.88
1301,Silvrettagletscher,A10g-05,408,2013-09-22,11:03:00,2014-09-20,12:09:00,801839.97,191729.01,2978.15,363.0,1.7,2.17,-0.47,-0.11,2.77,-0.47
1110,Silvrettagletscher,A10g-05,408,2013-09-22,11:38:00,2014-09-20,12:38:00,801524.45,191808.15,2933.8,363.0,-2.59,1.5,-0.95,-0.93,3.01,-0.96
0310,Silvrettagletscher,A10g-05,408,2013-09-22,11:40:00,2014-09-20,12:39:00,801515.24,191813.62,2932.47,363.0,-2.72,1.56,-0.7,-0.94,3.16,-0.7
1404,Silvrettagletscher,A10g-05,408,2014-09-20,13:46:00,2015-09-26,12:18:00,801728.65,192626.4,2814.66,370.9,-3.82,1.22,-0.41,-0.93,3.95,-0.4
1104h,Silvrettagletscher,A10g-05,408,2014-09-20,13:44:00,2015-09-26,12:21:00,801734.99,192641.36,2815.52,370.9,-4.05,1.17,-0.51,,4.15,-0.5
1205,Silvrettagletscher,A10g-05,408,2014-09-20,16:13:00,2015-09-25,11:35:00,801063.86,192693.44,2712.0,369.8,-5.27,2.39,-0.91,-2.32,5.72,-0.9
1306,Silvrettagletscher,A10g-05,408,2014-09-20,16:54:00,2015-09-25,10:26:00,800511.57,192890.47,2612.45,369.7,-3.67,0.46,0.01,,3.65,0.01
1406,Silvrettagletscher,A10g-05,408,2014-09-20,16:56:00,2015-09-25,10:27:00,800515.0,192890.01,2613.0,369.7,-3.49,0.56,-0.03,-2.97,3.49,-0.03
1301,Silvrettagletscher,A10g-05,408,2014-09-20,12:09:00,2015-09-26,09:51:00,801841.67,191731.18,2978.15,370.9,-1.1,0.81,-0.67,-1.91,1.35,-0.66
1218,Silvrettagletscher,A10g-05,408,2014-09-20,15:59:00,2015-09-25,12:47:00,800756.25,192544.95,2682.9,369.9,-5.64,2.01,-0.86,-2.4,5.91,-0.85
1411,Silvrettagletscher,A10g-05,408,2014-09-20,14:49:00,2015-09-25,14:12:00,800721.09,192204.15,2717.63,370.0,-0.9,0.96,0.06,-2.18,1.3,0.06
1110,Silvrettagletscher,A10g-05,408,2014-09-20,12:38:00,2015-09-26,10:46:00,801521.86,191809.65,2932.43,370.9,-2.8,1.54,-0.76,-1.98,3.15,-0.75
1216,Silvrettagletscher,A10g-05,408,2014-09-20,14:29:00,2015-09-26,13:17:00,801326.85,192377.15,2761.25,370.9,-6.86,3.56,-0.45,-1.96,7.61,-0.44
1317,Silvrettagletscher,A10g-05,408,2014-09-20,16:28:00,2015-09-26,07:57:00,801449.82,192818.82,2770.33,370.6,-3.48,0.86,-0.29,-1.59,3.53,-0.29
1402,Silvrettagletscher,A10g-05,408,2014-09-20,10:00:00,2015-09-26,09:04:00,801926.99,192023.04,2954.15,371.0,-4.9,3.02,-1.87,-1.88,5.67,-1.84
1403,Silvrettagletscher,A10g-05,408,2014-09-20,13:23:00,2015-09-26,11:41:00,801782.76,192252.11,2901.89,370.9,-5.17,6.29,-3.91,-1.63,8.02,-3.85
1409,Silvrettagletscher,A10g-05,408,2014-09-21,09:03:00,2015-09-25,16:01:00,799700.21,192736.75,2490.83,369.3,-0.92,0.02,-0.53,-4.28,0.91,-0.52
1407,Silvrettagletscher,A10g-05,408,2014-09-21,07:11:00,2015-09-25,09:32:00,800167.88,192872.01,2562.12,369.1,-1.73,0.01,-0.12,-3.34,1.71,-0.12
1408,Silvrettagletscher,A10g-05,408,2014-09-21,08:35:00,2015-09-25,08:47:00,799831.08,192742.7,2517.81,369.0,-1.25,0.21,-0.87,-3.97,1.25,-0.86
1312,Silvrettagletscher,A10g-05,408,2014-09-21,07:47:00,2015-09-25,14:41:00,800401.9,192585.22,2587.58,369.3,-4.04,1.46,-1.19,-2.97,4.25,-1.18
1413,Silvrettagletscher,A10g-05,408,2014-09-21,08:03:00,2015-09-25,15:25:00,799973.66,192613.58,2532.68,369.3,-2.15,-0.21,0.26,-4.58,2.14,0.26
1518,Silvrettagletscher,A10g-05,408,2015-09-25,12:50:00,2016-09-23,13:19:00,800766.88,192541.08,2682.37,364.0,-4.62,1.63,-0.88,-1.07,4.92,-0.88
1505,Silvrettagletscher,A10g-05,408,2015-09-25,11:37:00,2016-09-23,09:33:00,801073.97,192689.07,2711.17,363.9,-4.34,1.72,-0.7,-0.96,4.69,-0.7
1506,Silvrettagletscher,A10g-05,408,2015-09-25,10:28:00,2016-09-23,09:09:00,800515.02,192890.06,2610.03,363.9,-2.74,0.42,-0.09,-1.94,2.78,-0.09
1507,Silvrettagletscher,A10g-05,408,2015-09-25,09:33:00,2016-09-23,08:37:00,800165.02,192872.01,2558.3,364.0,-1.09,0.03,-0.04,-2.53,1.09,-0.04
1508,Silvrettagletscher,A10g-05,408,2015-09-25,08:51:00,2016-09-23,07:53:00,799832.84,192743.49,2514.15,364.0,-0.94,-0.01,-0.42,-2.53,0.94,-0.42
1509,Silvrettagletscher,A10g-05,408,2015-09-25,16:03:00,2016-09-23,14:45:00,799702.9,192735.84,2487.29,363.9,-0.53,0.07,-0.28,-3.46,0.54,-0.28
1411,Silvrettagletscher,A10g-05,408,2015-09-25,14:12:00,2016-09-23,11:20:00,800720.19,192205.11,2715.42,363.9,-0.84,0.8,-0.26,-1.04,1.16,-0.26
1512,Silvrettagletscher,A10g-05,408,2015-09-25,14:45:00,2016-09-23,13:37:00,800406.5,192586.02,2585.37,364.0,-3.04,0.86,-0.66,-2.03,3.17,-0.66
1513,Silvrettagletscher,A10g-05,408,2015-09-25,15:27:00,2016-09-23,13:54:00,799974.07,192614.02,2528.73,363.9,-1.69,0.03,-0.11,-0.31,1.7,-0.11
1515,Silvrettagletscher,A10g-05,408,2015-09-25,13:51:00,2016-09-23,12:40:00,801162.97,191986.96,2849.09,364.0,-3.33,1.51,-0.71,-0.42,3.67,-0.71
1516,Silvrettagletscher,A10g-05,408,2015-09-26,13:21:00,2016-09-23,11:02:00,801341.12,192371.02,2761.44,362.9,-5.75,2.7,-0.42,-0.69,6.39,-0.42
1501,Silvrettagletscher,A10g-05,408,2015-09-26,09:55:00,2016-09-24,10:18:00,801841.01,191731.23,2976.14,364.0,-0.9,0.64,-0.67,-0.08,1.11,-0.67
1401h,Silvrettagletscher,A10g-05,408,2015-09-26,09:52:00,2016-09-24,10:20:00,801840.38,191729.23,2976.08,364.0,-1.28,0.39,-0.66,,1.34,-0.66
1201p,Silvrettagletscher,A10g-05,408,2015-09-26,09:52:00,2016-09-24,10:21:00,801838.08,191730.29,2975.75,364.0,-1.1,0.66,-0.59,,1.29,-0.59
1502,Silvrettagletscher,A10g-05,408,2015-09-26,09:06:00,2016-09-24,09:05:00,801927.01,192023.02,2952.27,364.0,-4.27,2.7,-1.58,-0.13,5.07,-1.59
1503,Silvrettagletscher,A10g-05,408,2015-09-26,12:03:00,2016-09-24,11:32:00,801779.76,192253.14,2899.66,364.0,-4.48,5.26,-2.71,-0.02,6.93,-2.72
1504,Silvrettagletscher,A10g-05,408,2015-09-26,12:20:00,2016-09-23,10:38:00,801730.0,192630.05,2813.79,362.9,-3.42,1.06,-0.53,0.12,3.6,-0.53
1317,Silvrettagletscher,A10g-05,408,2015-09-26,07:57:00,2016-09-23,09:58:00,801446.34,192819.68,2768.29,363.1,-3.09,0.68,-0.22,-0.77,3.18,-0.22
1110,Silvrettagletscher,A10g-05,408,2015-09-26,10:46:00,2016-09-24,10:57:00,801519.06,191811.19,2930.07,364.0,-2.32,1.34,-0.65,,2.69,-0.65
1510,Silvrettagletscher,A10g-05,408,2015-09-26,10:50:00,2016-09-24,10:55:00,801525.04,191808.79,2931.12,364.0,-2.18,1.32,-0.7,-0.49,2.56,-0.7
1611,Silvrettagletscher,A10g-05,408,2016-09-23,11:23:00,2017-09-29,14:47:00,800720.68,192206.43,2714.29,371.1,-0.57,0.65,-0.07,-1.83,0.85,-0.07
1504,Silvrettagletscher,A10g-05,408,2016-09-23,10:38:00,2017-09-29,13:22:00,801726.58,192631.11,2813.32,371.1,-3.51,1.06,-0.47,-1.18,3.61,-0.46
1504h,Silvrettagletscher,A10g-05,408,2016-09-23,10:41:00,2017-09-29,13:23:00,801725.72,192627.37,2813.42,371.1,-3.63,1.02,-0.55,,3.71,-0.54
1505,Silvrettagletscher,A10g-05,408,2016-09-23,09:33:00,2017-09-29,12:27:00,801069.63,192690.79,2709.54,371.1,-4.46,2.06,-0.71,-1.66,4.84,-0.7
1506,Silvrettagletscher,A10g-05,408,2016-09-23,09:09:00,2017-09-29,11:47:00,800512.28,192890.48,2607.75,371.1,-2.65,0.56,-0.04,-2.39,2.67,-0.04
1607,Silvrettagletscher,A10g-05,408,2016-09-23,08:36:00,2017-09-30,13:42:00,800165.9,192870.12,2556.06,372.2,-0.9,-0.11,0.06,-2.7,0.89,0.06
1608,Silvrettagletscher,A10g-05,408,2016-09-23,07:58:00,2017-09-29,09:08:00,799828.99,192747.02,2510.92,371.0,-1.0,-0.12,-0.56,-3.47,0.99,-0.55
1609,Silvrettagletscher,A10g-05,408,2016-09-23,14:52:00,2017-09-29,09:59:00,799704.01,192734.22,2484.16,370.8,-0.95,0.34,-1.14,-4.27,0.99,-1.12
1512,Silvrettagletscher,A10g-05,408,2016-09-23,13:37:00,2017-09-29,11:06:00,800403.46,192586.88,2582.52,370.9,-3.32,1.09,-0.84,-2.87,3.44,-0.83
1613,Silvrettagletscher,A10g-05,408,2016-09-23,13:57:00,2017-09-29,10:34:00,799965.0,192611.02,2523.95,370.9,-1.7,-0.13,-0.18,-4.56,1.68,-0.18
1615,Silvrettagletscher,A10g-05,408,2016-09-23,12:42:00,2017-09-29,15:15:00,801163.01,191987.01,2848.67,371.1,-3.18,1.45,-0.66,-1.33,3.44,-0.65
1516,Silvrettagletscher,A10g-05,408,2016-09-23,11:02:00,2017-09-29,14:07:00,801335.37,192373.72,2759.91,371.1,-5.8,2.65,-0.48,-1.12,6.28,-0.47
1617,Silvrettagletscher,A10g-05,408,2016-09-23,10:01:00,2017-09-29,12:52:00,801453.01,192817.99,2768.46,371.1,-2.91,0.72,-0.28,-1.25,2.95,-0.28
1518,Silvrettagletscher,A10g-05,408,2016-09-23,13:19:00,2017-09-29,15:40:00,800762.26,192542.71,2680.56,371.1,-4.76,1.59,-0.91,-2.0,4.94,-0.9
1603,Silvrettagletscher,A10g-05,408,2016-09-24,11:37:00,2017-09-30,11:37:00,801783.01,192252.02,2900.36,371.0,-3.91,5.31,-3.0,-0.72,6.49,-2.95
1602,Silvrettagletscher,A10g-05,408,2016-09-24,09:07:00,2017-09-30,08:50:00,801927.0,192023.0,2952.14,371.0,-4.15,2.54,-1.42,-1.03,4.79,-1.4
1601h,Silvrettagletscher,A10g-05,408,2016-09-24,10:26:00,2017-09-30,10:11:00,801837.77,191727.83,2975.84,371.0,-0.91,0.55,-0.69,-1.1,1.05,-0.68
1601,Silvrettagletscher,A10g-05,408,2016-09-24,10:22:00,2017-09-30,10:10:00,801840.0,191729.02,2976.05,371.0,-0.89,0.62,-0.62,-1.22,1.07,-0.61
1110,Silvrettagletscher,A10g-05,408,2016-09-24,10:57:00,2017-09-30,10:49:00,801516.74,191812.53,2929.46,371.0,-2.37,1.32,-0.5,-1.21,2.67,-0.49
1510,Silvrettagletscher,A10g-05,408,2016-09-24,10:55:00,2017-09-30,10:48:00,801522.86,191810.11,2930.33,371.0,-2.25,1.31,-0.87,,2.56,-0.86
1518,Silvrettagletscher,A10g-05,408,2017-09-29,15:40:00,2018-09-08,11:07:00,800757.5,192544.3,2677.9,343.8,-4.13,1.53,-0.71,-2.01,4.68,-0.75
1706,Silvrettagletscher,A10g-05,408,2017-09-29,11:48:00,2018-09-08,10:03:00,800514.96,192890.01,2605.7,343.9,-2.26,0.24,0.04,-2.78,2.41,0.04
1611,Silvrettagletscher,A10g-05,408,2017-09-29,14:47:00,2018-09-08,11:45:00,800720.11,192207.08,2712.23,343.9,-0.63,0.58,-0.06,-1.82,0.91,-0.06
1708,Silvrettagletscher,A10g-05,408,2017-09-29,09:48:00,2018-09-08,07:35:00,799831.19,192746.42,2507.66,343.9,-0.46,-0.46,-1.23,-4.34,0.69,-1.31
1709,Silvrettagletscher,A10g-05,408,2017-09-29,10:00:00,2018-09-08,08:02:00,799713.37,192737.44,2482.64,343.9,-0.43,-0.07,-1.03,-4.37,0.46,-1.09
1504,Silvrettagletscher,A10g-05,408,2017-09-29,13:22:00,2018-09-10,13:44:00,801723.07,192632.17,2811.67,346.0,-3.3,0.89,-0.31,-1.64,3.61,-0.33
1704h,Silvrettagletscher,A10g-05,408,2017-09-29,13:26:00,2018-09-10,13:45:00,801729.2,192626.64,2812.66,346.0,-3.14,0.97,-0.34,,3.47,-0.36
1505,Silvrettagletscher,A10g-05,408,2017-09-29,12:27:00,2018-09-08,10:38:00,801065.17,192692.85,2707.12,343.9,-4.03,1.62,-0.69,-2.17,4.61,-0.73
1712,Silvrettagletscher,A10g-05,408,2017-09-29,11:08:00,2018-09-08,09:37:00,800406.02,192587.03,2580.22,343.9,-2.47,0.46,-0.64,-2.89,2.67,-0.68
1713,Silvrettagletscher,A10g-05,408,2017-09-29,10:37:00,2018-09-08,08:33:00,799971.02,192615.12,2521.38,343.9,-1.07,-0.11,-0.22,-4.36,1.14,-0.23
1615,Silvrettagletscher,A10g-05,408,2017-09-29,15:15:00,2018-09-08,12:33:00,801159.83,191988.46,2846.46,343.9,-3.01,1.2,-0.49,-1.98,3.44,-0.52
1716,Silvrettagletscher,A10g-05,408,2017-09-29,14:09:00,2018-09-08,13:13:00,801339.98,192371.03,2759.41,344.0,-5.26,2.19,-0.41,-1.81,6.05,-0.44
1617,Silvrettagletscher,A10g-05,408,2017-09-29,12:52:00,2018-09-10,14:10:00,801450.1,192818.71,2766.82,346.1,-2.8,0.6,-0.07,-1.01,3.02,-0.07
1710,Silvrettagletscher,A10g-05,408,2017-09-30,10:53:00,2018-09-10,12:29:00,801517.45,191812.65,2928.28,345.1,-1.99,1.1,-0.48,-1.65,2.41,-0.51
1701,Silvrettagletscher,A10g-05,408,2017-09-30,10:12:00,2018-09-10,11:41:00,801840.01,191728.99,2974.83,345.1,-0.79,0.61,-0.63,-1.76,1.06,-0.67
1701h,Silvrettagletscher,A10g-05,408,2017-09-30,10:13:00,2018-09-10,11:41:00,801838.24,191726.96,2974.74,345.1,-0.82,0.74,-0.4,-1.71,1.17,-0.42
1702,Silvrettagletscher,A10g-05,408,2017-09-30,09:49:00,2018-09-10,11:07:00,801922.02,192025.64,2950.01,345.1,-3.9,2.4,-1.35,-2.15,4.85,-1.43
1703,Silvrettagletscher,A10g-05,408,2017-09-30,11:47:00,2018-09-10,13:12:00,801786.01,192291.99,2887.47,345.1,-2.87,3.85,-3.84,-1.57,5.08,-4.06
1707,Silvrettagletscher,A10g-05,408,2017-09-30,13:44:00,2018-09-08,09:06:00,800166.03,192869.52,2553.23,342.8,-1.01,-0.04,-0.09,-3.13,1.08,-0.1
1808,Silvrettagletscher,A10g-05,408,2018-09-08,07:38:00,2019-09-20,08:14:00,799832.04,192744.98,2503.7,377.0,-0.92,-0.29,-1.01,-4.42,0.93,-0.98
1809,Silvrettagletscher,A10g-05,408,2018-09-08,08:05:00,2019-09-20,15:39:00,799717.4,192738.93,2479.37,377.3,-0.77,-0.94,-2.6,,1.18,-2.52
1805,Silvrettagletscher,A10g-05,408,2018-09-08,10:40:00,2019-09-20,11:07:00,801074.69,192688.68,2706.53,377.0,-3.97,1.94,-0.61,-1.73,4.28,-0.59
1813,Silvrettagletscher,A10g-05,408,2018-09-08,08:50:00,2019-09-20,08:46:00,799974.3,192614.3,2517.73,377.0,-1.23,-0.18,-0.19,-4.45,1.2,-0.18
1815,Silvrettagletscher,A10g-05,408,2018-09-08,12:35:00,2019-09-20,13:00:00,801162.98,191986.99,2845.36,377.0,-3.13,1.27,-0.52,-1.77,3.27,-0.5
1816,Silvrettagletscher,A10g-05,408,2018-09-08,13:15:00,2019-09-20,13:48:00,801340.9,192371.47,2757.81,377.0,-5.22,2.37,-0.39,-1.21,5.55,-0.38
1818,Silvrettagletscher,A10g-05,408,2018-09-08,11:11:00,2019-09-20,11:31:00,800765.38,192537.87,2677.18,377.0,-4.04,1.32,-0.85,-2.18,4.12,-0.82
1807,Silvrettagletscher,A10g-05,408,2018-09-08,09:07:00,2019-09-20,09:17:00,800165.0,192872.01,2549.94,377.0,-0.98,-0.07,0.03,-3.09,0.95,0.03
1812,Silvrettagletscher,A10g-05,408,2018-09-08,09:40:00,2019-09-20,09:56:00,800408.09,192587.53,2577.77,377.0,-2.87,0.8,-0.72,-3.1,2.89,-0.7
1811,Silvrettagletscher,A10g-05,408,2018-09-08,11:47:00,2019-09-20,11:57:00,800718.37,192206.15,2710.3,377.0,-0.45,0.55,0.02,-1.99,0.69,0.02
1806,Silvrettagletscher,A10g-05,408,2018-09-08,10:05:00,2019-09-20,10:30:00,800514.66,192890.87,2603.08,377.0,-2.56,0.24,0.08,-2.71,2.49,0.08
1801,Silvrettagletscher,A10g-05,408,2018-09-10,11:43:00,2019-09-21,11:52:00,801839.97,191729.02,2973.07,376.0,-0.83,0.5,-0.44,-1.17,0.94,-0.43
1710,Silvrettagletscher,A10g-05,408,2018-09-10,12:29:00,2019-09-21,12:28:00,801515.46,191813.75,2926.38,376.0,-2.2,1.2,-0.43,,2.43,-0.42
1810,Silvrettagletscher,A10g-05,408,2018-09-10,12:31:00,2019-09-21,12:27:00,801530.07,191804.97,2928.52,376.0,-2.15,1.27,-0.51,-1.15,2.43,-0.5
1801h,Silvrettagletscher,A10g-05,408,2018-09-10,11:44:00,2019-09-21,11:52:00,801838.38,191726.44,2973.03,376.0,-0.82,0.59,-0.56,-1.15,0.98,-0.54
1802,Silvrettagletscher,A10g-05,408,2018-09-10,11:11:00,2019-09-21,11:18:00,801928.71,192020.69,2949.55,376.0,-3.8,2.21,-1.36,-1.53,4.27,-1.32
1703,Silvrettagletscher,A10g-05,408,2018-09-10,13:12:00,2019-09-21,13:13:00,801783.14,192295.84,2884.34,376.0,-2.82,3.86,-2.2,-1.31,4.64,-2.14
1804,Silvrettagletscher,A10g-05,408,2018-09-10,13:47:00,2019-09-20,14:14:00,801727.64,192632.48,2810.8,375.0,-3.22,1.06,-0.36,-1.53,3.3,-0.35
1617,Silvrettagletscher,A10g-05,408,2018-09-10,14:10:00,2019-09-20,14:40:00,801447.3,192819.31,2765.34,375.0,-2.94,0.6,-0.1,-1.5,2.92,-0.1
1804h,Silvrettagletscher,A10g-05,408,2019-09-20,14:21:00,2020-09-13,09:06:00,801720.91,192632.74,2808.26,358.8,-3.43,0.96,-0.56,,3.63,-0.57
1805,Silvrettagletscher,A10g-05,408,2019-09-20,11:07:00,2020-09-13,12:59:00,801070.72,192690.62,2704.01,359.1,-3.64,1.59,-0.58,-1.4,4.04,-0.59
1906,Silvrettagletscher,A10g-05,408,2019-09-20,10:33:00,2020-09-13,13:30:00,800514.71,192892.38,2600.28,359.1,-2.26,0.31,-0.05,-2.35,2.32,-0.05
1907,Silvrettagletscher,A10g-05,408,2019-09-20,09:24:00,2020-09-13,13:54:00,800165.08,192872.24,2546.85,359.2,-0.46,-0.11,-0.05,-2.88,0.48,-0.05
1908,Silvrettagletscher,A10g-05,408,2019-09-20,08:16:00,2020-09-13,14:28:00,799826.98,192744.99,2498.14,359.3,-0.52,-0.18,-0.54,-3.78,0.56,-0.55
1811,Silvrettagletscher,A10g-05,408,2019-09-20,11:57:00,2020-09-14,08:55:00,800717.92,192206.7,2708.26,359.9,-0.29,0.63,-0.07,-1.54,0.7,-0.07
1912,Silvrettagletscher,A10g-05,408,2019-09-20,09:58:00,2020-09-14,08:17:00,800406.42,192587.21,2574.32,359.9,-1.89,0.74,-0.7,-2.72,2.06,-0.71
1818,Silvrettagletscher,A10g-05,408,2019-09-20,11:31:00,2020-09-14,08:38:00,800761.34,192539.19,2674.46,359.9,-3.6,1.35,-0.79,-1.81,3.9,-0.8
1913,Silvrettagletscher,A10g-05,408,2019-09-20,08:50:00,2020-09-14,07:44:00,799974.66,192614.38,2513.37,360.0,-1.1,-0.25,-0.28,-4.56,1.14,-0.28
1815,Silvrettagletscher,A10g-05,408,2019-09-20,13:00:00,2020-09-14,09:26:00,801159.85,191988.26,2842.8,359.9,-3.02,1.21,-0.59,-1.22,3.3,-0.6
1816,Silvrettagletscher,A10g-05,408,2019-09-20,13:48:00,2020-09-13,12:33:00,801335.68,192373.84,2755.7,358.9,-4.74,2.2,-0.44,-0.5,5.32,-0.45
1917,Silvrettagletscher,A10g-05,408,2019-09-20,14:43:00,2020-09-13,12:17:00,801456.66,192821.62,2765.34,358.9,-2.33,0.58,-0.25,-0.9,2.44,-0.25
1804,Silvrettagletscher,A10g-05,408,2019-09-20,14:14:00,2020-09-13,09:05:00,801724.42,192633.54,2808.86,358.8,-3.15,1.15,-0.57,-0.83,3.41,-0.58
1901,Silvrettagletscher,A10g-05,408,2019-09-21,11:57:00,2020-09-13,11:06:00,801840.01,191729.03,2971.9,358.0,-0.74,0.43,-0.69,-0.54,0.87,-0.7
1810,Silvrettagletscher,A10g-05,408,2019-09-21,12:27:00,2020-09-13,11:29:00,801527.92,191806.24,2927.06,358.0,-1.93,1.1,-0.54,,2.27,-0.55
1910,Silvrettagletscher,A10g-05,408,2019-09-21,12:30:00,2020-09-13,11:29:00,801530.04,191804.96,2927.37,358.0,-1.89,1.17,-0.56,-0.26,2.27,-0.57
1903,Silvrettagletscher,A10g-05,408,2019-09-21,13:15:00,2020-09-13,09:45:00,801786.0,192291.96,2884.59,357.9,-3.11,3.26,-2.16,-0.19,4.6,-2.2
1902,Silvrettagletscher,A10g-05,408,2019-09-21,11:20:00,2020-09-13,10:18:00,801926.99,192022.95,2947.43,358.0,-3.44,2.19,-1.45,-0.22,4.16,-1.48
1901p,Silvrettagletscher,A10g-05,408,2019-09-21,12:08:00,2020-09-13,11:07:00,801837.46,191728.64,2971.54,358.0,-0.86,0.55,-0.62,,1.04,-0.63
1901h,Silvrettagletscher,A10g-05,408,2019-09-21,12:09:00,2020-09-13,11:10:00,801839.43,191726.95,2971.88,358.0,-0.86,0.54,-0.57,,1.04,-0.58
1901h,Silvrettagletscher,A10g-05,408,2020-09-13,11:10:00,2021-09-18,11:23:00,801838.57,191727.49,2971.28,370.0,-0.8,0.5,-0.48,,0.93,-0.47
1901p,Silvrettagletscher,A10g-05,408,2020-09-13,11:07:00,2021-09-18,11:25:00,801836.6,191729.19,2970.95,370.0,-0.91,0.57,-0.47,,1.06,-0.46
1902,Silvrettagletscher,A10g-05,408,2020-09-13,10:18:00,2021-09-18,10:21:00,801923.55,192025.14,2946.49,370.0,-3.57,2.4,-1.29,0.02,4.25,-1.27
1903,Silvrettagletscher,A10g-05,408,2020-09-13,09:45:00,2021-09-18,12:22:00,801782.89,192295.22,2883.23,370.1,-2.98,3.86,-2.03,-0.31,4.81,-2.0
2016,Silvrettagletscher,A10g-05,408,2020-09-13,12:34:00,2021-09-17,13:25:00,801339.99,192370.99,2755.89,369.0,-4.74,2.22,-0.38,0.18,5.18,-0.38
1917,Silvrettagletscher,A10g-05,408,2020-09-13,12:17:00,2021-09-17,12:39:00,801454.33,192822.2,2763.82,369.0,-2.38,0.6,-0.19,-0.85,2.43,-0.19
2004,Silvrettagletscher,A10g-05,408,2020-09-13,09:08:00,2021-09-17,12:58:00,801730.33,192630.53,2808.81,369.2,-2.95,1.11,-0.32,-0.36,3.12,-0.32
1901,Silvrettagletscher,A10g-05,408,2020-09-13,11:06:00,2021-09-18,11:22:00,801839.27,191729.46,2971.19,370.0,-0.82,0.58,-0.41,-0.08,0.99,-0.4
2005,Silvrettagletscher,A10g-05,408,2020-09-13,13:01:00,2021-09-17,12:01:00,801075.3,192689.08,2703.39,369.0,-3.52,1.68,-0.55,-1.23,3.86,-0.54
2006,Silvrettagletscher,A10g-05,408,2020-09-13,13:33:00,2021-09-17,11:26:00,800517.81,192888.48,2598.48,368.9,-2.17,0.16,-0.08,-2.48,2.15,-0.08
2007,Silvrettagletscher,A10g-05,408,2020-09-13,13:57:00,2021-09-17,10:56:00,800166.49,192872.02,2544.25,368.9,-0.44,0.02,-0.1,-2.49,0.44,-0.1
2008,Silvrettagletscher,A10g-05,408,2020-09-13,14:30:00,2021-09-17,10:02:00,799827.32,192745.6,2494.52,368.8,-0.46,-0.2,-0.34,-2.97,0.5,-0.34
1910,Silvrettagletscher,A10g-05,408,2020-09-13,11:29:00,2021-09-18,11:46:00,801528.15,191806.13,2926.82,370.0,-1.98,1.18,-0.5,-0.4,2.28,-0.49
1810,Silvrettagletscher,A10g-05,408,2020-09-13,11:29:00,2021-09-18,11:45:00,801525.99,191807.34,2926.52,370.0,-1.99,1.18,-0.49,,2.28,-0.48
1818,Silvrettagletscher,A10g-05,408,2020-09-14,08:38:00,2021-09-17,14:48:00,800757.74,192540.54,2671.95,368.3,-3.53,0.98,-0.49,,3.63,-0.49
2004h,Silvrettagletscher,A10g-05,408,2020-09-14,13:03:00,2021-09-17,12:57:00,801729.96,192633.03,2808.67,368.0,-2.91,0.91,-0.35,,3.03,-0.35
1912,Silvrettagletscher,A10g-05,408,2020-09-14,08:17:00,2021-09-17,15:08:00,800404.53,192587.95,2571.11,368.3,-1.68,0.83,-0.57,-2.48,1.86,-0.57
2013,Silvrettagletscher,A10g-05,408,2020-09-14,07:47:00,2021-09-17,10:24:00,799980.02,192614.23,2509.84,368.1,-1.13,-0.16,-0.32,-3.87,1.13,-0.32
2015,Silvrettagletscher,A10g-05,408,2020-09-14,09:28:00,2021-09-17,14:10:00,801162.9,191987.59,2842.33,368.2,-2.89,1.23,-0.48,-0.84,3.12,-0.48
1815,Silvrettagletscher,A10g-05,408,2020-09-14,09:26:00,2021-09-17,14:12:00,801156.83,191989.47,2840.78,368.2,-2.71,1.0,-0.14,,2.87,-0.14
2018,Silvrettagletscher,A10g-05,408,2020-09-14,13:34:00,2021-09-17,14:47:00,800765.88,192539.12,2673.41,368.1,-3.44,1.18,-0.56,-1.55,3.61,-0.56
2011,Silvrettagletscher,A10g-05,408,2020-09-14,08:57:00,2021-09-17,13:43:00,800719.23,192204.82,2707.19,368.2,-0.44,0.44,0.04,-1.21,0.62,0.04
2113,Silvrettagletscher,A10g-05,408,2021-09-17,10:28:00,2022-09-11,10:28:00,799978.97,192617.46,2506.49,359.1,-0.47,-1.88,-0.49,-6.85,1.97,-0.5
2018,Silvrettagletscher,A10g-05,408,2021-09-17,14:47:00,2022-09-11,07:00:00,800762.44,192540.3,2671.14,359.7,-3.23,1.16,-0.6,-3.78,3.48,-0.61
1917,Silvrettagletscher,A10g-05,408,2021-09-17,12:39:00,2022-09-11,15:25:00,801451.95,192822.8,2762.68,359.1,-2.24,0.33,-0.29,-3.66,2.3,-0.29
2016,Silvrettagletscher,A10g-05,408,2021-09-17,13:25:00,2022-09-11,17:34:00,801335.25,192373.21,2755.31,359.2,-4.14,1.67,-0.29,-3.42,4.54,-0.29
2015,Silvrettagletscher,A10g-05,408,2021-09-17,14:10:00,2022-09-11,08:29:00,801160.01,191988.82,2840.69,359.8,-2.73,0.82,-0.42,-3.19,2.89,-0.43
2112,Silvrettagletscher,A10g-05,408,2021-09-17,15:10:00,2022-09-10,13:15:00,800405.75,192584.84,2569.4,358.9,-1.15,0.56,-0.72,-5.29,1.3,-0.73
2011,Silvrettagletscher,A10g-05,408,2021-09-17,13:43:00,2022-09-11,07:51:00,800718.79,192205.26,2705.74,359.8,-0.66,0.31,-0.52,-3.94,0.74,-0.53
2108,Silvrettagletscher,A10g-05,408,2021-09-17,10:05:00,2022-09-11,12:08:00,799826.99,192741.37,2491.35,359.1,0.06,0.11,-1.15,-6.08,0.13,-1.17
2107,Silvrettagletscher,A10g-05,408,2021-09-17,10:59:00,2022-09-12,10:59:00,800164.75,192871.77,2541.48,360.2,-0.23,-0.13,-0.29,-5.26,0.27,-0.29
2106,Silvrettagletscher,A10g-05,408,2021-09-17,11:28:00,2022-09-11,13:58:00,800517.09,192888.42,2596.08,359.1,-1.7,0.03,-0.35,-4.69,1.73,-0.36
2005,Silvrettagletscher,A10g-05,408,2021-09-17,12:01:00,2022-09-11,14:50:00,801071.78,192690.76,2701.64,359.1,-3.02,1.04,-0.59,-3.98,3.25,-0.6
2004,Silvrettagletscher,A10g-05,408,2021-09-17,12:58:00,2022-09-11,16:04:00,801727.38,192631.64,2807.86,359.1,-2.86,0.8,-0.39,-3.47,3.02,-0.4
2102,Silvrettagletscher,A10g-05,408,2021-09-18,10:23:00,2022-09-12,11:28:00,801926.98,192023.0,2947.23,359.0,-4.69,0.62,-1.13,-3.55,4.81,-1.15
2103,Silvrettagletscher,A10g-05,408,2021-09-18,12:23:00,2022-09-11,16:47:00,801785.98,192292.0,2884.09,358.2,-2.7,3.95,-2.44,-3.58,4.88,-2.49
1810,Silvrettagletscher,A10g-05,408,2021-09-18,11:45:00,2022-09-11,09:28:00,801524.0,191808.52,2925.87,358.9,-1.85,1.01,-0.3,-3.03,2.15,-0.31
1910,Silvrettagletscher,A10g-05,408,2021-09-18,11:46:00,2022-09-11,09:27:00,801526.17,191807.31,2926.1,358.9,-0.17,2.12,-0.67,-3.03,2.16,-0.68
1901,Silvrettagletscher,A10g-05,408,2021-09-18,11:22:00,2022-09-12,10:27:00,801838.45,191730.04,2970.94,359.0,-1.9,1.3,-0.41,-3.42,2.34,-0.42
2205,Silvrettagletscher,A10g-05,408,2022-09-11,14:47:00,2023-09-18,08:40:00,801072.91,192689.3,2697.97,371.75,-2.57,1.07,-0.86,-3.14,2.74,-0.84
2206,Silvrettagletscher,A10g-05,408,2022-09-11,14:21:00,2023-09-18,09:13:00,800515.82,192889.29,2590.93,371.79,-1.45,0.42,-0.64,-4.02,1.48,-0.63
2208,Silvrettagletscher,A10g-05,408,2022-09-11,12:09:00,2023-09-17,08:22:00,799827.71,192742.8,2485.51,370.84,0.06,-0.13,-0.62,-5.32,0.14,-0.61
2217,Silvrettagletscher,A10g-05,408,2022-09-11,15:29:00,2023-09-18,08:01:00,801456.17,192817.56,2759.75,371.69,-1.74,0.74,-0.63,-3.01,1.86,-0.62
2216,Silvrettagletscher,A10g-05,408,2022-09-11,17:37:00,2023-09-18,08:24:00,801339.66,192371.65,2752.43,371.62,-3.92,1.53,-0.74,-2.62,4.14,-0.73
2213,Silvrettagletscher,A10g-05,408,2022-09-11,12:38:00,2023-09-17,08:44:00,799979.49,192628.01,2501.55,370.84,-0.64,-0.26,-0.46,-5.58,0.68,-0.45
2212,Silvrettagletscher,A10g-05,408,2022-09-11,13:19:00,2023-09-17,09:28:00,800406.58,192588.07,2563.93,370.84,-1.14,0.53,-1.04,-4.05,1.24,-1.02
2203,Silvrettagletscher,A10g-05,408,2022-09-11,16:53:00,2023-09-17,16:06:00,801780.7,192292.06,2880.25,370.97,-2.19,2.93,-1.33,-2.55,3.6,-1.31
1903,Silvrettagletscher,A10g-05,408,2022-09-11,17:01:00,2023-08-19,07:59:00,801777.16,192302.19,2877.23,341.62,-2.31,2.96,-1.52,,4.01,-1.63
2204,Silvrettagletscher,A10g-05,408,2022-09-11,16:07:00,2023-09-18,07:30:00,801734.77,192629.72,2805.53,371.64,-2.67,0.83,0.3,-2.43,2.75,0.29
2201o1,Silvrettagletscher,A10g-05,408,2022-09-12,10:12:00,2023-09-17,12:17:00,801812.45,191747.49,2963.76,370.09,-1.18,-0.26,-0.63,,1.19,-0.62
2201,Silvrettagletscher,A10g-05,408,2022-09-12,10:17:00,2023-09-17,12:13:00,801839.99,191729.01,2967.86,370.08,-0.52,0.31,-0.92,-2.69,0.6,-0.91
2211,Silvrettagletscher,A10g-05,408,2022-09-12,07:54:00,2023-09-17,10:35:00,800719.64,192206.46,2701.84,370.11,-0.24,0.12,-0.46,,0.26,-0.45
2210,Silvrettagletscher,A10g-05,408,2022-09-12,09:33:00,2023-09-17,11:35:00,801529.62,191805.04,2923.65,370.08,-1.62,0.99,-0.96,-2.45,1.87,-0.95
2215,Silvrettagletscher,A10g-05,408,2022-09-12,08:31:00,2023-09-17,11:11:00,801163.0,191986.99,2838.34,370.11,-2.47,1.11,-0.94,-2.57,2.67,-0.93
2218,Silvrettagletscher,A10g-05,408,2022-09-12,07:03:00,2023-09-17,10:03:00,800767.51,192540.84,2668.07,370.12,-2.8,0.82,-1.09,-3.03,2.88,-1.08
22HF,Silvrettagletscher,A10g-05,408,2022-09-12,13:27:00,2023-09-18,09:15:00,800523.45,192898.49,2592.09,370.83,-1.36,-0.11,-0.62,,1.34,-0.61
2207,Silvrettagletscher,A10g-05,408,2022-09-12,13:41:00,2023-09-18,09:50:00,800164.98,192872.02,2536.22,370.84,0.08,-0.03,-0.52,-4.52,0.08,-0.51
2202,Silvrettagletscher,A10g-05,408,2022-09-12,11:27:00,2023-09-17,13:16:00,801926.99,192023.02,2943.68,370.08,-2.93,1.71,-1.14,-2.79,3.35,-1.13
2201p,Silvrettagletscher,A10g-05,408,2022-09-12,10:44:00,2023-09-17,12:15:00,801837.25,191728.5,2967.41,370.06,-0.71,0.29,-1.23,,0.76,-1.21
2201o2,Silvrettagletscher,A10g-05,408,2022-09-12,10:14:00,2023-09-17,12:19:00,801797.8,191755.33,2961.56,370.09,-0.9,0.59,-0.69,,1.06,-0.68
2201h,Silvrettagletscher,A10g-05,408,2022-09-12,10:45:00,2023-09-17,12:14:00,801838.92,191726.62,2967.82,370.06,-0.46,0.3,-0.9,,0.54,-0.89
2218,Silvrettagletscher,A10g-05,408,2023-09-17,10:03:00,2024-09-22,09:52:00,800764.71,192541.66,2664.3,370.99,-2.54,0.68,-0.15,,2.59,-0.15
2215,Silvrettagletscher,A10g-05,408,2023-09-17,11:11:00,2024-09-22,11:13:00,801160.53,191988.1,2834.97,371.0,-2.73,0.84,-0.11,,2.81,-0.11
2210,Silvrettagletscher,A10g-05,408,2023-09-17,11:35:00,2024-09-22,11:44:00,801528.0,191806.03,2920.89,371.01,-1.65,0.98,0.0,,1.89,0.0
2211,Silvrettagletscher,A10g-05,408,2023-09-17,10:35:00,2024-09-22,10:23:00,800719.4,192206.58,2698.98,370.99,-0.3,0.57,-0.04,,0.63,-0.04
2312,Silvrettagletscher,A10g-05,408,2023-09-17,09:31:00,2024-09-22,09:13:00,800407.31,192585.49,2560.23,370.99,-0.95,0.64,-0.01,-3.2,1.13,-0.01
2318,Silvrettagletscher,A10g-05,408,2023-09-17,10:05:00,2024-09-22,09:51:00,800767.2,192541.22,2664.98,370.99,-2.61,0.7,-0.12,-2.43,2.66,-0.12
2313,Silvrettagletscher,A10g-05,408,2023-09-17,08:52:00,2024-09-22,08:39:00,799975.89,192627.21,2495.77,370.99,-0.35,-0.36,0.24,-4.21,0.49,0.24
2303,Silvrettagletscher,A10g-05,408,2023-09-17,16:22:00,2024-09-22,13:59:00,801795.11,192306.15,2874.94,370.9,-1.68,2.14,-0.66,-0.85,2.68,-0.65
2302,Silvrettagletscher,A10g-05,408,2023-09-17,13:20:00,2024-09-22,12:29:00,801928.96,192017.63,2941.86,370.96,-1.07,4.52,-0.51,-0.81,4.57,-0.5
2301b,Silvrettagletscher,A10g-05,408,2023-09-17,12:28:00,2024-09-22,12:08:00,801842.65,191728.68,2965.87,370.99,-0.52,0.41,0.22,-0.63,0.65,0.22
2301,Silvrettagletscher,A10g-05,408,2023-09-17,12:25:00,2024-09-22,12:06:00,801840.91,191729.11,2965.61,370.99,-0.5,0.38,0.18,-0.63,0.62,0.18
2308,Silvrettagletscher,A10g-05,408,2023-09-17,08:26:00,2024-09-22,08:11:00,799848.91,192754.82,2485.12,370.99,-0.31,-0.11,-0.5,-3.44,0.32,-0.49
2310,Silvrettagletscher,A10g-05,408,2023-09-17,11:44:00,2024-09-22,11:42:00,801527.05,191804.6,2920.96,371.0,-1.7,1.07,0.08,-0.94,1.98,0.08
2307,Silvrettagletscher,A10g-05,408,2023-09-18,09:54:00,2024-09-22,15:53:00,800164.26,192872.8,2531.69,370.25,0.14,-0.06,0.54,-3.11,0.15,0.53
2306,Silvrettagletscher,A10g-05,408,2023-09-18,09:39:00,2024-09-22,15:31:00,800518.22,192889.14,2587.0,370.24,-1.22,0.12,0.32,-3.38,1.21,0.32
2204,Silvrettagletscher,A10g-05,408,2023-09-18,07:30:00,2024-09-22,14:17:00,801732.1,192630.55,2802.63,370.28,-2.85,0.76,0.21,,2.91,0.21
2304h,Silvrettagletscher,A10g-05,408,2023-09-18,07:35:00,2024-09-22,14:18:00,801730.81,192626.78,2802.65,370.28,-2.7,0.84,0.22,,2.79,0.22
2216,Silvrettagletscher,A10g-05,408,2023-09-18,08:24:00,2024-09-22,13:16:00,801335.74,192373.18,2749.32,370.2,-3.54,1.91,-0.04,,3.97,-0.04
2304,Silvrettagletscher,A10g-05,408,2023-09-18,07:34:00,2024-09-22,14:16:00,801730.37,192629.57,2802.61,370.28,-2.72,0.77,0.17,-0.59,2.79,0.17
23HF,Silvrettagletscher,A10g-05,408,2023-09-18,09:41:00,2024-09-22,15:33:00,800519.79,192891.93,2587.35,370.24,-1.41,-0.01,0.33,,1.39,0.33
2217,Silvrettagletscher,A10g-05,408,2023-09-18,08:01:00,2024-09-22,14:40:00,801454.43,192818.3,2756.44,370.28,-2.06,0.36,-0.22,,2.06,-0.22
2205,Silvrettagletscher,A10g-05,408,2023-09-18,08:40:00,2024-09-22,15:04:00,801070.34,192690.37,2694.52,370.27,-2.36,1.1,-0.14,,2.57,-0.14
2406,Silvrettagletscher,A10g-05,408,2024-09-22,15:34:00,2025-09-19,14:08:00,800518.34,192890.13,2583.89,361.94,-1.22,-0.09,-0.11,-4.61,1.23,-0.11
2418,Silvrettagletscher,A10g-05,408,2024-09-22,09:57:00,2025-09-19,08:15:00,800768.02,192541.48,2662.68,361.93,-1.97,0.59,-0.44,-3.38,2.08,-0.44
2318,Silvrettagletscher,A10g-05,408,2024-09-22,09:51:00,2025-09-19,08:20:00,800764.59,192541.92,2662.16,361.94,-1.86,0.16,-0.54,,1.88,-0.54
2417,Silvrettagletscher,A10g-05,408,2024-09-22,14:42:00,2025-09-19,12:57:00,801455.41,192817.9,2755.7,361.93,-1.68,0.58,0.26,-2.76,1.79,0.26
2416,Silvrettagletscher,A10g-05,408,2024-09-22,13:19:00,2025-09-19,13:18:00,801340.0,192370.99,2748.66,362.0,-2.95,1.25,-0.18,-2.46,3.23,-0.18
2415,Silvrettagletscher,A10g-05,408,2024-09-22,11:15:00,2025-09-19,09:32:00,801163.0,191987.0,2833.99,361.93,-2.13,0.94,-0.33,-2.29,2.35,-0.33
2413,Silvrettagletscher,A10g-05,408,2024-09-22,08:46:00,2025-09-19,07:12:00,799980.12,192633.03,2493.47,361.93,-0.28,-0.38,-0.02,-5.43,0.48,-0.02
2412,Silvrettagletscher,A10g-05,408,2024-09-22,09:15:00,2025-09-19,07:46:00,800405.99,192586.98,2556.49,361.94,-0.63,0.61,-0.33,-4.24,0.88,-0.33
2411,Silvrettagletscher,A10g-05,408,2024-09-22,10:36:00,2025-09-19,08:50:00,800717.85,192204.64,2697.08,361.93,-0.16,0.18,0.14,-2.79,0.24,0.14
2310,Silvrettagletscher,A10g-05,408,2024-09-22,11:42:00,2025-09-19,10:08:00,801525.35,191805.67,2919.73,361.93,-1.44,0.83,-0.3,-1.77,1.68,-0.3
2408,Silvrettagletscher,A10g-05,408,2024-09-22,08:18:00,2025-09-19,06:52:00,799852.5,192754.84,2482.14,361.93,0.36,-0.4,-3.03,-8.73,0.54,-3.06
2407,Silvrettagletscher,A10g-05,408,2024-09-22,15:56:00,2025-09-19,14:46:00,800168.77,192872.03,2529.13,361.95,-0.12,0.02,-0.27,-4.73,0.12,-0.27
2405,Silvrettagletscher,A10g-05,408,2024-09-22,15:06:00,2025-09-19,13:40:00,801072.93,192687.51,2693.45,361.94,-1.97,1.04,-0.36,-2.82,2.25,-0.36
2404,Silvrettagletscher,A10g-05,408,2024-09-22,14:19:00,2025-09-19,12:25:00,801729.97,192629.97,2801.88,361.92,-2.38,0.66,-0.39,-2.09,2.49,-0.39
2304,Silvrettagletscher,A10g-05,408,2024-09-22,14:16:00,2025-09-19,12:26:00,801727.65,192630.34,2801.41,361.92,-2.28,0.68,-0.07,,2.4,-0.07
2303,Silvrettagletscher,A10g-05,408,2024-09-22,13:59:00,2025-09-19,11:59:00,801793.43,192308.29,2873.27,361.92,-1.43,1.89,-0.79,-1.58,2.39,-0.8
2302,Silvrettagletscher,A10g-05,408,2024-09-22,12:29:00,2025-09-19,11:20:00,801927.89,192022.15,2940.19,361.95,-2.5,1.55,-0.76,-1.79,2.97,-0.77
2301o,Silvrettagletscher,A10g-05,408,2024-09-22,12:12:00,2025-09-19,10:49:00,801864.68,191748.25,2966.9,361.94,-0.24,0.36,-0.21,,0.44,-0.21
2301b,Silvrettagletscher,A10g-05,408,2024-09-22,12:08:00,2025-09-19,10:38:00,801842.13,191729.09,2964.84,361.94,-0.55,0.34,-0.22,,0.65,-0.22
2301,Silvrettagletscher,A10g-05,408,2024-09-22,12:06:00,2025-09-19,10:40:00,801840.41,191729.49,2964.57,361.94,-0.65,0.39,0.01,-1.62,0.76,0.01
03P3,Grosser Aletschgletscher,B36-26,360,2004-04-21,13:03:00,2004-09-16,08:04:00,641833.63,154793.61,3341.08,147.8,5.58,-14.67,-3.39,,38.79,-8.38
04P3,Grosser Aletschgletscher,B36-26,360,2004-09-16,08:18:00,2005-10-09,10:45:00,641823.43,154807.86,3340.72,388.1,14.66,-33.61,-4.78,3.17,34.51,-4.5
04P3,Grosser Aletschgletscher,B36-26,360,2004-09-16,08:18:00,2005-05-26,11:46:00,641823.43,154807.86,3340.72,252.1,9.69,-21.46,-1.02,,34.11,-1.48
04P3,Grosser Aletschgletscher,B36-26,360,2005-05-26,11:46:00,2005-10-09,10:45:00,641833.12,154786.4,3343.78,136.0,4.97,-12.15,-3.76,,35.26,-10.1
05P3,Grosser Aletschgletscher,B36-26,360,2005-10-09,10:49:00,2006-10-11,11:45:00,641823.0,154808.05,3343.89,367.0,13.22,-30.79,-6.34,-1.15,33.35,-6.31
05P3,Grosser Aletschgletscher,B36-26,360,2005-10-09,10:49:00,2006-05-17,12:43:00,641823.0,154808.05,3343.89,220.1,8.05,-17.91,-3.78,,32.59,-6.27
05P3,Grosser Aletschgletscher,B36-26,360,2006-05-17,12:43:00,2006-10-11,11:45:00,641831.05,154790.14,3343.25,147.0,5.17,-12.88,-2.56,,34.48,-6.36
06P3,Grosser Aletschgletscher,B36-26,360,2006-10-11,11:53:00,2007-05-19,11:49:00,641823.0,154808.09,3342.74,220.0,8.61,-17.7,-3.52,,32.68,-5.84
06P3,Grosser Aletschgletscher,B36-26,360,2006-10-11,11:53:00,2007-10-07,11:25:00,641823.0,154808.09,3342.74,361.0,14.2,-30.0,-5.7,0.33,33.58,-5.77
06P3,Grosser Aletschgletscher,B36-26,360,2007-05-19,11:49:00,2007-10-07,11:25:00,641831.61,154790.39,3342.63,141.0,5.59,-12.3,-2.18,,35.0,-5.65
07P3,Grosser Aletschgletscher,B36-26,360,2007-10-07,11:45:00,2008-10-10,11:51:00,641825.02,154810.03,3343.07,369.0,13.82,-31.76,-8.41,-0.87,34.28,-8.32
07P3,Grosser Aletschgletscher,B36-26,360,2007-10-07,11:45:00,2008-06-01,12:03:00,641825.02,154810.03,3343.07,238.0,8.88,-20.19,-4.3,,33.85,-6.6
07P3,Grosser Aletschgletscher,B36-26,360,2008-06-01,12:03:00,2008-10-10,11:51:00,641833.9,154789.84,3342.5,131.0,4.94,-11.57,-4.11,,35.08,-11.46
08P3,Grosser Aletschgletscher,B36-26,360,2008-10-10,11:55:00,2009-10-06,10:47:00,641825.0,154810.01,3342.2,361.0,13.35,-30.54,-4.97,-0.84,33.72,-5.03
08P3,Grosser Aletschgletscher,B36-26,360,2008-10-10,11:55:00,2009-05-05,10:54:00,641825.0,154810.01,3342.2,207.0,8.51,-17.36,-3.0,,34.11,-5.29
08P3,Grosser Aletschgletscher,B36-26,360,2009-05-05,10:54:00,2009-10-06,10:47:00,641833.51,154792.65,3343.59,154.0,4.84,-13.18,-1.97,,33.3,-4.67
09P3,Grosser Aletschgletscher,B36-26,360,2009-10-06,10:51:00,2010-09-21,10:21:00,641820.82,154818.14,3342.09,350.0,13.06,-28.13,-5.66,0.82,32.37,-5.91
09P3,Grosser Aletschgletscher,B36-26,360,2009-10-06,10:51:00,2010-05-29,11:11:00,641820.82,154818.14,3342.09,235.0,8.92,-18.54,-3.67,,31.98,-5.7
09P3,Grosser Aletschgletscher,B36-26,360,2010-05-29,11:11:00,2010-09-21,10:21:00,641829.74,154799.6,3342.59,115.0,4.14,-9.59,-1.99,,33.18,-6.32
10P3,Grosser Aletschgletscher,B36-26,360,2010-09-21,10:53:00,2011-05-18,12:00:00,641820.79,154818.12,3342.84,239.0,8.94,-19.43,-3.51,,32.69,-5.36
10P3,Grosser Aletschgletscher,B36-26,360,2010-09-21,10:53:00,2011-10-17,10:51:00,641820.79,154818.12,3342.84,391.0,14.18,-31.68,-5.49,-0.52,32.42,-5.13
10P3,Grosser Aletschgletscher,B36-26,360,2011-05-18,12:00:00,2011-10-17,10:51:00,641829.73,154798.69,3342.88,152.0,5.24,-12.25,-1.98,,32.02,-4.76
11P3,Grosser Aletschgletscher,B36-26,360,2011-10-17,10:58:00,2012-10-13,10:50:00,641825.03,154810.07,3341.66,362.0,12.71,-30.19,-5.46,-0.58,33.05,-5.51
11P3,Grosser Aletschgletscher,B36-26,360,2011-10-17,10:58:00,2012-05-30,10:30:00,641825.03,154810.07,3341.66,226.0,7.95,-18.11,-3.32,,31.96,-5.37
11P3,Grosser Aletschgletscher,B36-26,360,2012-05-30,10:30:00,2012-10-13,10:50:00,641832.98,154791.96,3341.87,136.0,4.76,-12.08,-2.14,,34.87,-5.75
12P3,Grosser Aletschgletscher,B36-26,360,2012-10-13,10:55:00,2013-10-22,10:22:00,641825.0,154810.02,3341.08,374.0,13.19,-32.3,-6.56,0.37,34.07,-6.41
12P3,Grosser Aletschgletscher,B36-26,360,2012-10-13,10:55:00,2013-05-14,12:48:00,641825.0,154810.02,3341.08,213.1,7.41,-17.85,-3.27,,33.13,-5.6
12P3,Grosser Aletschgletscher,B36-26,360,2013-05-14,12:48:00,2013-10-21,10:22:00,641832.41,154792.17,3341.82,160.9,5.78,-14.45,-3.29,,35.33,-7.47
13P3,Grosser Aletschgletscher,B36-26,360,2013-10-22,10:37:00,2014-06-03,11:30:00,641824.98,154810.01,3341.45,224.0,8.12,-18.18,-3.18,,32.47,-5.19
13P3,Grosser Aletschgletscher,B36-26,360,2013-10-22,10:37:00,2014-09-29,10:22:00,641824.98,154810.01,3341.45,342.0,12.57,-29.35,-5.17,0.09,34.1,-5.52
13P3,Grosser Aletschgletscher,B36-26,360,2014-06-03,11:30:00,2014-09-29,10:22:00,641833.1,154791.83,3341.3,118.0,4.45,-11.17,-1.99,,37.22,-6.16
14P3,Grosser Aletschgletscher,B36-26,360,2014-09-29,10:24:00,2015-09-29,10:26:00,641825.01,154810.0,3341.54,365.0,13.42,-34.16,-6.56,-1.31,36.73,-6.56
14P3,Grosser Aletschgletscher,B36-26,360,2014-09-29,10:24:00,2015-05-18,10:33:00,641825.01,154810.0,3341.54,231.0,8.66,-21.63,-4.18,,36.84,-6.61
14P3,Grosser Aletschgletscher,B36-26,360,2015-05-18,10:33:00,2015-09-29,10:26:00,641833.67,154788.37,3341.49,134.0,4.76,-12.53,-2.38,,36.54,-6.49
15P3,Grosser Aletschgletscher,B36-26,360,2015-09-29,10:34:00,2016-05-18,11:22:00,641825.0,154810.06,3340.23,232.0,7.88,-19.21,-3.24,,32.69,-5.1
15P3,Grosser Aletschgletscher,B36-26,360,2015-09-29,10:34:00,2016-09-29,10:28:00,641825.0,154810.06,3340.23,366.0,12.54,-30.96,-5.62,0.7,33.33,-5.61
15P3,Grosser Aletschgletscher,B36-26,360,2016-05-18,11:22:00,2016-09-29,10:28:00,641832.88,154790.85,3342.1,134.0,4.66,-11.75,-2.37,,34.45,-6.46
16P3,Grosser Aletschgletscher,B36-26,360,2016-09-29,10:44:00,2017-10-12,10:15:00,641824.98,154809.98,3340.93,378.0,12.55,-30.25,-5.0,-1.05,31.65,-4.83
16P3,Grosser Aletschgletscher,B36-26,360,2016-09-29,10:44:00,2017-05-16,09:59:00,641824.98,154809.98,3340.93,229.0,7.86,-18.82,-2.92,,32.53,-4.66
16P3,Grosser Aletschgletscher,B36-26,360,2017-05-16,09:59:00,2017-10-12,10:15:00,641832.84,154791.16,3341.81,149.0,4.69,-11.43,-2.08,,30.29,-5.1
17P3,Grosser Aletschgletscher,B36-26,360,2017-10-12,10:21:00,2018-09-27,09:26:00,641825.02,154809.99,3339.88,350.0,11.61,-28.23,-4.99,-1.96,31.85,-5.21
17P3,Grosser Aletschgletscher,B36-26,360,2017-10-12,10:21:00,2018-06-06,10:13:00,641825.02,154809.99,3339.88,237.0,8.36,-19.14,-3.24,,32.19,-4.99
17P3,Grosser Aletschgletscher,B36-26,360,2018-06-06,10:13:00,2018-09-27,09:26:00,641833.38,154790.85,3340.11,113.0,3.25,-9.09,-1.75,,31.2,-5.66
18P3,Grosser Aletschgletscher,B36-26,360,2018-09-27,09:31:00,2019-10-03,10:43:00,641825.01,154810.0,3337.92,371.1,11.72,-28.33,-4.32,-1.11,30.18,-4.25
18P3,Grosser Aletschgletscher,B36-26,360,2018-09-27,09:31:00,2019-06-04,10:16:00,641825.01,154810.0,3337.92,250.0,8.33,-18.54,-2.57,,29.7,-3.75
18P3,Grosser Aletschgletscher,B36-26,360,2019-06-04,10:16:00,2019-10-03,10:43:00,641833.34,154791.46,3338.89,121.0,3.39,-9.79,-1.75,,31.27,-5.28
19P3,Grosser Aletschgletscher,B36-26,360,2019-10-03,10:50:00,2020-09-18,08:44:00,641824.99,154810.02,3336.81,350.9,12.2,-28.28,-3.95,-1.27,32.06,-4.11
19P3,Grosser Aletschgletscher,B36-26,360,2019-10-03,10:50:00,2020-05-29,10:25:00,641824.99,154810.02,3336.81,239.0,8.14,-18.68,-2.79,,31.14,-4.26
19P3,Grosser Aletschgletscher,B36-26,360,2020-05-29,10:25:00,2020-09-18,08:44:00,641833.13,154791.34,3336.55,111.9,4.06,-9.6,-1.16,,34.01,-3.79
20P3,Grosser Aletschgletscher,B36-26,360,2020-09-18,10:36:00,2021-05-26,12:10:00,641825.02,154810.0,3335.54,250.1,8.87,-18.21,-2.82,,29.59,-4.12
20P3,Grosser Aletschgletscher,B36-26,360,2020-09-18,10:36:00,2021-09-30,11:29:00,641825.02,154810.0,3335.54,377.0,11.97,-29.3,-4.41,1.33,30.66,-4.27
20P3,Grosser Aletschgletscher,B36-26,360,2021-05-26,12:10:00,2021-09-30,11:29:00,641833.89,154791.79,3338.42,127.0,3.1,-11.09,-1.59,,33.12,-4.57
21P3,Grosser Aletschgletscher,B36-26,360,2021-09-30,12:13:00,2022-05-17,09:52:00,641825.0,154810.01,3336.87,228.9,7.55,-17.46,-2.68,,30.35,-4.28
20P3,Grosser Aletschgletscher,B36-26,360,2021-09-30,11:29:00,2022-10-04,08:45:00,641836.99,154780.7,3335.0,368.89,11.45,-32.35,-3.84,-3.24,33.98,-3.8
21P3,Grosser Aletschgletscher,B36-26,360,2022-05-17,09:52:00,2022-10-04,09:50:00,641832.55,154792.55,3336.63,140.0,5.23,-12.09,-1.28,,34.37,-3.34
22P3,Grosser Aletschgletscher,B36-26,360,2022-10-04,09:32:00,2023-05-26,10:26:00,641819.57,154823.33,3334.65,234.04,7.72,-15.52,-2.61,,27.05,-4.07
22P3,Grosser Aletschgletscher,B36-26,360,2022-10-04,09:32:00,2023-09-28,09:02:00,641819.57,154823.33,3334.65,358.98,11.3,-24.39,-4.34,-0.99,27.35,-4.42
22P3,Grosser Aletschgletscher,B36-26,360,2023-05-26,10:26:00,2023-09-28,09:02:00,641827.29,154807.81,3336.04,124.94,3.58,-8.87,-1.73,,27.96,-5.06
23P3,Grosser Aletschgletscher,B36-26,360,2023-09-28,09:47:00,2024-06-06,08:39:00,641824.1,154812.08,3332.74,251.96,7.99,-17.14,-1.93,,27.41,-2.8
23P3,Grosser Aletschgletscher,B36-26,360,2023-09-28,09:47:00,2024-10-07,10:56:00,641824.1,154812.08,3332.74,375.05,11.97,-26.02,-3.8,1.36,27.89,-3.7
23P3b,Grosser Aletschgletscher,B36-26,360,2024-06-06,08:39:00,2024-10-07,10:53:00,641829.39,154806.48,3336.64,123.09,3.98,-8.88,-1.87,,28.87,-5.55
24P3,Grosser Aletschgletscher,B36-26,360,2024-10-07,10:42:00,2025-10-02,10:24:00,641824.96,154810.05,3334.0,359.99,11.88,-26.27,-3.89,0.04,29.25,-3.95
24P3,Grosser Aletschgletscher,B36-26,360,2024-10-07,10:42:00,2025-05-28,10:03:00,641824.96,154810.05,3334.0,232.97,8.31,-17.2,-2.87,,29.95,-4.5
24P3,Grosser Aletschgletscher,B36-26,360,2025-05-28,10:03:00,2025-10-02,10:24:00,641833.27,154792.85,3334.87,127.01,3.57,-9.07,-1.02,,28.03,-2.93
0609,Rhonegletscher,B43-03,473,2006-10-27,16:52:00,2007-09-06,13:16:00,672582.3,159490.16,2286.54,313.8,-9.71,-15.88,-0.99,-3.83,21.67,-1.15
0608,Rhonegletscher,B43-03,473,2006-10-27,16:46:00,2007-09-06,12:05:00,672680.31,159723.82,2330.96,313.8,-1.97,-25.7,-6.28,-2.21,30.0,-7.31
0607,Rhonegletscher,B43-03,473,2006-10-27,16:36:00,2007-09-06,11:09:00,672656.55,160173.2,2387.76,313.8,19.98,-33.38,-8.72,-2.1,45.28,-10.15
0606,Rhonegletscher,B43-03,473,2006-10-27,16:20:00,2007-09-06,10:40:00,672422.84,160842.73,2488.59,313.8,6.96,-40.66,-1.03,-1.67,48.01,-1.2
0605,Rhonegletscher,B43-03,473,2006-10-27,16:01:00,2007-09-06,09:05:00,672521.42,161919.18,2618.63,313.7,-35.16,-52.25,-3.93,-0.19,73.33,-4.58
0604,Rhonegletscher,B43-03,473,2006-10-27,14:56:00,2007-09-08,09:48:00,673357.04,162757.54,2758.89,315.8,-40.19,-49.36,-3.53,-0.71,73.62,-4.08
0603,Rhonegletscher,B43-03,473,2006-10-27,10:47:00,2007-09-08,11:11:00,673100.18,164932.22,2941.17,316.0,8.6,-46.44,-6.06,-0.64,54.59,-7.0
0602,Rhonegletscher,B43-03,473,2006-10-27,13:35:00,2007-09-08,12:25:00,673551.6,165949.65,3130.15,316.0,-35.55,-43.48,-16.49,0.27,64.92,-19.06
0611,Rhonegletscher,B43-03,473,2006-10-27,17:08:00,2007-04-28,15:55:00,672431.43,159199.53,2237.38,182.9,-8.19,-6.08,-0.96,,20.37,-1.92
0610,Rhonegletscher,B43-03,473,2006-10-27,17:00:00,2007-04-28,15:39:00,672488.01,159344.12,2268.2,182.9,-7.08,-7.73,0.26,,20.93,0.52
0609,Rhonegletscher,B43-03,473,2006-10-27,16:52:00,2007-04-28,15:31:00,672582.3,159490.16,2286.54,182.9,-5.4,-8.77,-0.06,,20.57,-0.12
0608,Rhonegletscher,B43-03,473,2006-10-27,16:46:00,2007-04-28,15:19:00,672680.31,159723.82,2330.96,182.9,-0.9,-14.46,-1.09,,28.93,-2.18
0607,Rhonegletscher,B43-03,473,2006-10-27,16:36:00,2007-04-28,15:02:00,672656.55,160173.2,2387.76,182.9,11.0,-18.43,-1.89,,42.86,-3.77
0606,Rhonegletscher,B43-03,473,2006-10-27,16:20:00,2007-04-28,14:37:00,672422.84,160842.73,2488.59,182.9,3.78,-22.47,-0.33,,45.5,-0.66
0605,Rhonegletscher,B43-03,473,2006-10-27,16:01:00,2007-04-28,14:14:00,672521.42,161919.18,2618.63,182.9,-19.77,-28.63,-2.02,,69.48,-4.03
0604,Rhonegletscher,B43-03,473,2006-10-27,14:56:00,2007-04-28,13:35:00,673357.04,162757.54,2758.89,182.9,-22.19,-27.05,-1.91,,69.87,-3.81
0603,Rhonegletscher,B43-03,473,2006-10-27,10:47:00,2007-04-28,12:12:00,673100.18,164932.22,2941.17,183.1,4.64,-26.37,-2.51,,53.41,-5.01
0601,Rhonegletscher,B43-03,473,2006-10-27,13:09:00,2007-04-28,10:29:00,673909.02,166642.64,3241.92,182.9,-4.53,-10.99,-3.13,,23.74,-6.25
0602,Rhonegletscher,B43-03,473,2006-10-27,13:35:00,2007-04-28,10:55:00,673551.6,165949.65,3130.15,182.9,-20.7,-25.13,-8.71,,65.02,-17.39
0611,Rhonegletscher,B43-03,473,2006-10-27,17:08:00,2007-09-05,16:47:00,672431.43,159199.53,2237.38,313.0,-14.87,-10.57,-2.33,-4.24,21.29,-2.72
0610,Rhonegletscher,B43-03,473,2006-10-27,17:00:00,2007-09-06,14:16:00,672488.01,159344.12,2268.2,313.8,-13.07,-14.01,-0.77,,22.3,-0.9
0711,Rhonegletscher,B43-03,473,2007-09-05,17:14:00,2008-06-19,10:07:00,672429.62,159202.6,2233.14,287.7,-13.81,-10.07,-2.01,,21.7,-2.55
0711,Rhonegletscher,B43-03,473,2007-09-05,17:14:00,2008-09-11,17:26:00,672429.62,159202.6,2233.14,372.0,-18.42,-13.13,-4.93,-1.53,22.21,-4.84
0708,Rhonegletscher,B43-03,473,2007-09-06,12:07:00,2008-06-19,09:04:00,672680.22,159723.91,2328.74,286.9,-1.13,-23.4,-1.97,,29.83,-2.51
0705,Rhonegletscher,B43-03,473,2007-09-06,09:02:00,2008-06-19,08:08:00,672521.02,161919.29,2618.43,287.0,-32.12,-46.81,-3.48,,72.25,-4.43
0705,Rhonegletscher,B43-03,473,2007-09-06,09:02:00,2008-09-11,14:11:00,672521.02,161919.29,2618.43,371.2,-41.19,-60.77,-5.46,-3.15,72.24,-5.37
0710,Rhonegletscher,B43-03,473,2007-09-06,14:14:00,2008-07-22,15:34:00,672494.3,159359.57,2266.34,320.1,-12.67,-14.19,-0.06,,21.71,-0.07
0706,Rhonegletscher,B43-03,473,2007-09-06,10:38:00,2008-06-19,08:26:00,672425.54,160838.56,2486.62,286.9,6.35,-36.51,-0.76,,47.18,-0.97
0710,Rhonegletscher,B43-03,473,2007-09-06,14:14:00,2008-06-19,09:31:00,672494.3,159359.57,2266.34,286.8,-11.04,-12.3,0.27,,21.05,0.34
0709,Rhonegletscher,B43-03,473,2007-09-06,13:24:00,2008-07-22,15:57:00,672585.27,159490.5,2282.71,320.1,-9.59,-16.21,-0.21,,21.49,-0.24
0707,Rhonegletscher,B43-03,473,2007-09-06,11:07:00,2008-06-19,08:51:00,672656.77,160172.99,2385.67,286.9,17.7,-30.22,-3.42,,44.59,-4.35
0709,Rhonegletscher,B43-03,473,2007-09-06,13:24:00,2008-06-19,09:25:00,672585.27,159490.5,2282.71,286.8,-8.5,-14.14,-0.13,,21.01,-0.17
0701,Rhonegletscher,B43-03,473,2007-09-08,14:02:00,2008-09-11,10:19:00,673871.34,166633.68,3240.03,368.8,-7.75,-22.36,-6.31,-2.48,23.44,-6.25
0704,Rhonegletscher,B43-03,473,2007-09-08,09:51:00,2008-09-11,13:19:00,673357.79,162757.08,2758.18,369.1,-46.31,-56.17,-4.33,-2.68,72.04,-4.28
0703,Rhonegletscher,B43-03,473,2007-09-08,11:27:00,2008-09-11,12:07:00,673099.01,164930.02,2940.53,369.0,10.05,-53.11,-7.25,-2.06,53.5,-7.18
0702,Rhonegletscher,B43-03,473,2007-09-08,12:31:00,2008-09-11,10:58:00,673551.61,165949.79,3130.41,368.9,-40.42,-49.83,-16.09,-5.68,63.53,-15.93
0705,Rhonegletscher,B43-03,473,2008-06-19,08:08:00,2008-09-11,14:11:00,672488.91,161872.48,2613.84,84.3,-9.07,-13.96,-1.98,,72.13,-8.58
0709,Rhonegletscher,B43-03,473,2008-06-19,09:25:00,2008-07-22,15:57:00,672576.77,159476.36,2281.23,33.3,-1.09,-2.07,-0.08,,25.66,-0.88
0710,Rhonegletscher,B43-03,473,2008-06-19,09:31:00,2008-07-22,15:34:00,672483.26,159347.27,2264.55,33.3,-1.63,-1.89,-0.33,,27.38,-3.62
0711,Rhonegletscher,B43-03,473,2008-06-19,10:07:00,2008-07-22,14:45:00,672415.82,159192.53,2230.55,33.2,-1.56,-0.91,-0.18,,19.87,-1.98
0711,Rhonegletscher,B43-03,473,2008-07-22,14:46:00,2008-09-11,17:26:00,672415.41,159196.05,2228.4,51.1,-3.05,-2.15,-2.75,,26.67,-19.66
0802,Rhonegletscher,B43-03,473,2008-09-11,11:00:00,2009-09-10,11:03:00,673540.78,165940.55,3124.73,364.0,-39.82,-50.24,-15.97,,64.33,-16.02
0824,Rhonegletscher,B43-03,473,2008-09-11,16:31:00,2009-09-09,16:25:00,672579.01,159927.88,2346.18,363.0,-2.54,-28.89,-0.79,,29.18,-0.79
0822,Rhonegletscher,B43-03,473,2008-09-11,16:26:00,2009-09-09,16:34:00,672809.45,159952.81,2345.04,363.0,7.01,-27.25,0.19,-3.47,28.31,0.19
0807,Rhonegletscher,B43-03,473,2008-09-11,14:49:00,2009-09-10,09:00:00,672656.83,160175.32,2382.52,363.8,22.5,-37.45,-3.9,-3.36,43.86,-3.92
0822,Rhonegletscher,B43-03,473,2008-09-11,16:26:00,2009-08-19,10:06:00,672809.45,159952.81,2345.04,341.7,7.26,-25.74,0.45,,28.59,0.48
0811,Rhonegletscher,B43-03,473,2008-09-11,17:28:00,2009-09-09,08:18:00,672430.69,159220.21,2231.62,362.6,-17.99,-14.62,-4.45,,23.35,-4.48
0809,Rhonegletscher,B43-03,473,2008-09-11,16:56:00,2009-09-09,14:20:00,672581.78,159486.6,2277.66,362.9,-11.27,-18.92,-0.48,-4.14,22.16,-0.48
0808,Rhonegletscher,B43-03,473,2008-09-11,16:49:00,2009-09-09,15:25:00,672679.67,159726.67,2326.56,362.9,-1.78,-29.29,-2.79,-4.41,29.53,-2.81
0806,Rhonegletscher,B43-03,473,2008-09-11,14:34:00,2009-09-10,11:32:00,672419.56,160839.92,2484.01,363.9,7.75,-45.51,-1.32,-1.77,46.34,-1.32
0805,Rhonegletscher,B43-03,473,2008-09-11,14:13:00,2009-09-10,14:58:00,672520.57,161912.04,2615.28,364.0,-38.99,-58.14,-4.63,-0.76,70.24,-4.65
0804,Rhonegletscher,B43-03,473,2008-09-11,13:20:00,2009-09-10,13:27:00,673352.35,162755.39,2755.49,364.0,-44.29,-54.0,-3.57,-0.83,70.08,-3.58
0803,Rhonegletscher,B43-03,473,2008-09-11,12:14:00,2009-09-10,11:51:00,673101.31,164934.62,2938.47,364.0,9.52,-51.46,-5.3,-1.62,52.51,-5.32
0801,Rhonegletscher,B43-03,473,2008-09-11,10:21:00,2009-09-10,10:06:00,673815.04,166613.97,3236.45,364.0,-7.21,-22.8,-5.1,-0.35,23.99,-5.12
0824,Rhonegletscher,B43-03,473,2008-09-11,16:31:00,2009-08-19,10:37:00,672579.01,159927.88,2346.18,341.8,3.0,-27.45,-0.47,,29.51,-0.5
0822,Rhonegletscher,B43-03,473,2009-08-19,10:06:00,2009-09-09,16:34:00,672817.09,159927.39,2341.29,21.3,-0.25,-1.51,-0.26,,26.25,-4.46
0824,Rhonegletscher,B43-03,473,2009-08-19,10:37:00,2009-09-09,16:25:00,672582.09,159899.49,2340.84,21.2,-0.46,-1.44,-0.32,,26.04,-5.51
0909,Rhonegletscher,B43-03,473,2009-09-09,14:18:00,2010-09-03,08:51:00,672597.12,159478.46,2275.95,358.8,-10.76,-18.26,-1.05,-4.14,21.58,-1.07
0932,Rhonegletscher,B43-03,473,2009-09-09,15:07:00,2010-09-03,08:41:00,672787.33,159483.46,2293.46,358.7,-8.28,-16.4,0.02,-3.56,18.71,0.02
0908,Rhonegletscher,B43-03,473,2009-09-09,15:27:00,2010-09-03,09:04:00,672687.9,159722.13,2322.15,358.7,-1.44,-27.72,-3.05,-3.6,28.26,-3.11
0932,Rhonegletscher,B43-03,473,2009-09-09,15:07:00,2010-06-24,13:47:00,672787.33,159483.46,2293.46,287.9,-6.19,-12.38,0.41,,17.56,0.52
0924,Rhonegletscher,B43-03,473,2009-09-09,16:27:00,2010-09-03,09:15:00,672572.9,159900.58,2339.35,358.7,0.71,-26.34,0.17,,26.83,0.17
0922,Rhonegletscher,B43-03,473,2009-09-09,16:36:00,2010-09-03,09:25:00,672813.94,159948.93,2341.57,358.7,6.37,-25.25,0.29,,26.52,0.3
0921,Rhonegletscher,B43-03,473,2009-09-09,16:39:00,2010-09-03,09:34:00,672919.31,159969.58,2338.01,358.7,5.88,-18.16,0.82,-2.87,19.44,0.83
0911,Rhonegletscher,B43-03,473,2009-09-09,10:18:00,2010-09-03,08:20:00,672450.18,159246.77,2237.78,358.9,-16.55,-12.16,-3.92,,20.9,-3.99
0910,Rhonegletscher,B43-03,473,2009-09-09,13:16:00,2010-06-24,14:32:00,672512.02,159374.78,2258.96,288.1,-10.4,-12.36,0.18,,20.48,0.23
alt_L7,Rhonegletscher,B43-03,473,2009-09-10,13:13:00,2010-09-05,13:30:00,673419.96,163028.07,2774.95,360.0,-30.3,-54.39,-5.67,,63.17,-5.75
09112,Rhonegletscher,B43-03,473,2009-09-10,10:09:00,2010-06-24,16:03:00,672293.39,159184.18,2210.96,287.2,-7.66,-1.17,1.29,,9.85,1.64
09111,Rhonegletscher,B43-03,473,2009-09-10,09:45:00,2010-06-24,16:05:00,672308.46,159215.73,2211.6,287.3,-7.67,-1.01,1.23,,9.84,1.56
09109,Rhonegletscher,B43-03,473,2009-09-10,09:37:00,2010-06-24,16:05:00,672313.61,159235.02,2211.94,287.3,-7.89,-0.92,1.29,,10.1,1.64
09107,Rhonegletscher,B43-03,473,2009-09-10,09:32:00,2010-06-24,16:07:00,672323.54,159263.93,2212.16,287.3,-8.2,-0.8,1.72,,10.47,2.19
09104,Rhonegletscher,B43-03,473,2009-09-10,09:02:00,2010-06-24,15:42:00,672350.93,159258.9,2213.46,287.3,-12.13,-9.59,0.0,,19.66,0.0
09102,Rhonegletscher,B43-03,473,2009-09-10,10:45:00,2010-06-24,15:46:00,672341.78,159219.81,2211.34,287.2,-12.35,-9.14,1.08,,19.54,1.37
09101,Rhonegletscher,B43-03,473,2009-09-10,10:28:00,2010-06-24,15:53:00,672314.24,159172.64,2210.01,287.2,-13.32,-9.31,1.86,,20.67,2.37
0954,Rhonegletscher,B43-03,473,2009-09-10,07:12:00,2010-06-24,15:29:00,672424.72,159200.43,2224.3,287.3,-12.55,-10.27,-1.21,,20.62,-1.54
0951,Rhonegletscher,B43-03,473,2009-09-10,15:18:00,2010-06-24,15:23:00,672545.76,159146.05,2228.81,287.0,-7.05,-7.52,0.22,,13.12,0.28
0947,Rhonegletscher,B43-03,473,2009-09-10,14:47:00,2010-06-24,16:18:00,672235.34,159165.42,2210.38,287.1,-6.69,-1.61,0.39,,8.75,0.5
0946,Rhonegletscher,B43-03,473,2009-09-10,14:51:00,2010-06-24,15:57:00,672280.38,159144.11,2210.29,287.0,-13.62,-8.82,1.8,,20.65,2.29
0945,Rhonegletscher,B43-03,473,2009-09-10,14:52:00,2010-06-24,15:55:00,672332.49,159140.02,2210.93,287.0,-13.74,-9.73,2.97,,21.43,3.78
0942,Rhonegletscher,B43-03,473,2009-09-10,15:10:00,2010-06-24,16:34:00,672446.48,159141.37,2217.26,287.1,-11.32,-8.77,3.59,,18.22,4.57
0941,Rhonegletscher,B43-03,473,2009-09-10,15:16:00,2010-06-24,15:25:00,672492.36,159129.04,2217.04,287.0,-7.85,-9.38,2.61,,15.57,3.32
0907,Rhonegletscher,B43-03,473,2009-09-10,15:51:00,2010-09-03,09:46:00,672656.86,160172.12,2379.16,357.7,20.89,-35.17,-4.18,-3.6,41.77,-4.27
0906,Rhonegletscher,B43-03,473,2009-09-10,15:21:00,2010-09-03,10:14:00,672420.18,160844.0,2482.24,357.8,6.93,-43.13,-1.45,-2.41,44.59,-1.48
0905,Rhonegletscher,B43-03,473,2009-09-10,14:55:00,2010-09-03,11:41:00,672520.85,161915.33,2614.52,357.9,-38.05,-55.29,-4.59,-1.0,68.5,-4.68
0904,Rhonegletscher,B43-03,473,2009-09-10,13:32:00,2010-09-03,14:15:00,673350.26,162758.66,2754.38,358.0,-42.3,-51.91,-3.46,-0.92,68.32,-3.53
0903,Rhonegletscher,B43-03,473,2009-09-10,12:15:00,2010-09-05,12:40:00,673095.11,164925.64,2936.85,360.0,9.68,-49.69,-5.66,-1.21,51.36,-5.74
0902,Rhonegletscher,B43-03,473,2009-09-10,11:23:00,2010-09-05,11:48:00,673550.94,165949.05,3127.86,360.0,-38.01,-47.18,-16.22,-0.14,61.47,-16.46
0901,Rhonegletscher,B43-03,473,2009-09-10,10:08:00,2010-04-22,12:00:00,673815.07,166614.22,3236.11,224.1,-4.07,-10.22,-1.88,,17.93,-3.06
0901,Rhonegletscher,B43-03,473,2009-09-10,10:08:00,2010-09-05,10:17:00,673815.07,166614.22,3236.11,360.0,-5.9,-21.64,-4.67,0.07,22.76,-4.74
0901,Rhonegletscher,B43-03,473,2010-04-22,12:00:00,2010-09-05,10:17:00,673811.0,166604.0,3238.0,135.9,-1.84,-11.42,-2.79,,31.09,-7.5
0932,Rhonegletscher,B43-03,473,2010-06-24,13:47:00,2010-09-03,08:41:00,672781.15,159471.08,2292.27,70.8,-2.09,-4.03,-0.39,,23.42,-2.01
1010,Rhonegletscher,B43-03,473,2010-09-03,17:34:00,2011-09-13,08:35:00,672510.74,159378.75,2254.58,374.6,-13.33,-16.58,-3.05,,20.74,-2.97
1008,Rhonegletscher,B43-03,473,2010-09-03,16:49:00,2011-06-10,11:48:00,672686.15,159725.22,2318.55,279.8,-0.95,-20.73,-1.39,,27.09,-1.81
1011,Rhonegletscher,B43-03,473,2010-09-03,17:45:00,2011-06-10,13:51:00,672437.97,159264.66,2231.63,279.8,-13.7,-13.03,-2.69,,24.68,-3.51
1032,Rhonegletscher,B43-03,473,2010-09-03,17:27:00,2011-06-10,13:12:00,672785.32,159487.89,2289.9,279.8,-5.85,-11.94,0.54,,17.36,0.7
1024,Rhonegletscher,B43-03,473,2010-09-03,16:44:00,2011-09-13,11:06:00,672589.74,159897.29,2336.01,374.8,1.45,-27.73,0.32,,27.06,0.31
1022,Rhonegletscher,B43-03,473,2010-09-03,16:40:00,2011-09-13,10:59:00,672832.28,159940.32,2337.13,374.8,6.05,-24.73,0.17,,24.81,0.17
1021,Rhonegletscher,B43-03,473,2010-09-03,16:38:00,2011-06-10,10:14:00,672913.57,159969.97,2335.14,279.7,4.14,-13.28,1.09,,18.17,1.42
1004,Rhonegletscher,B43-03,473,2010-09-03,14:52:00,2011-09-13,15:57:00,673355.85,162753.74,2753.74,375.0,-44.04,-53.82,-3.96,-3.28,67.73,-3.86
1005,Rhonegletscher,B43-03,473,2010-09-03,12:29:00,2011-09-13,14:25:00,672519.82,161919.1,2613.53,375.1,-39.86,-57.61,-5.14,,68.22,-5.01
1007,Rhonegletscher,B43-03,473,2010-09-03,16:31:00,2011-09-13,11:59:00,672660.37,160163.68,2374.87,374.8,21.07,-36.65,-3.94,-3.6,41.2,-3.84
0909,Rhonegletscher,B43-03,473,2010-09-03,08:51:00,2011-09-13,08:49:00,672586.36,159460.2,2268.81,374.8,-10.96,-18.29,-1.37,-4.93,20.78,-1.34
1003,Rhonegletscher,B43-03,473,2010-09-05,12:49:00,2011-09-15,12:16:00,673098.83,164929.75,2935.64,375.0,9.81,-52.08,-6.82,-3.17,51.62,-6.64
1001,Rhonegletscher,B43-03,473,2010-09-05,10:20:00,2011-09-15,10:36:00,673814.95,166615.19,3236.18,375.0,-7.04,-22.4,-4.91,-1.78,22.87,-4.78
1002,Rhonegletscher,B43-03,473,2010-09-05,11:56:00,2011-09-15,11:31:00,673552.06,165949.94,3128.07,375.0,-39.57,-49.59,-17.11,-2.48,61.79,-16.67
1023,Rhonegletscher,B43-03,473,2010-10-13,10:48:00,2011-09-13,11:03:00,672737.77,159880.06,2334.56,335.0,3.42,-24.99,0.53,-3.69,27.5,0.58
1033,Rhonegletscher,B43-03,473,2010-10-13,13:17:00,2011-06-10,13:01:00,672669.28,159520.25,2283.52,240.0,-6.62,-11.88,0.09,,20.7,0.14
1011,Rhonegletscher,B43-03,473,2011-08-18,12:00:00,2011-09-13,07:32:00,672434.58,159249.41,2222.37,26.0,-1.2,-1.55,-0.36,,27.54,-5.06
1123,Rhonegletscher,B43-03,473,2011-09-13,11:53:00,2012-09-11,11:05:00,672700.51,159943.33,2335.65,364.0,5.16,-25.7,1.38,-3.44,26.3,1.38
1111,Rhonegletscher,B43-03,473,2011-09-13,07:53:00,2012-09-11,12:04:00,672537.91,159238.95,2229.04,364.2,-12.54,-14.75,-6.18,-8.86,19.42,-6.2
1110,Rhonegletscher,B43-03,473,2011-09-13,08:45:00,2012-09-11,11:30:00,672531.43,159388.74,2251.18,364.1,-11.44,-14.05,-2.14,-7.37,18.18,-2.15
1109,Rhonegletscher,B43-03,473,2011-09-13,09:28:00,2012-09-11,11:25:00,672607.51,159502.35,2269.37,364.1,-10.26,-15.08,-1.73,-6.22,18.3,-1.74
1108,Rhonegletscher,B43-03,473,2011-09-13,10:32:00,2012-09-11,11:21:00,672686.27,159726.86,2313.32,364.0,-1.58,-24.17,-3.36,-5.54,24.3,-3.37
1107,Rhonegletscher,B43-03,473,2011-09-13,12:41:00,2012-09-11,10:51:00,672654.29,160178.11,2373.06,363.9,18.88,-32.76,-4.09,-4.23,37.95,-4.11
1105,Rhonegletscher,B43-03,473,2011-09-13,14:31:00,2012-09-07,16:02:00,672516.95,161928.58,2611.64,360.1,-38.29,-52.71,-5.0,-3.65,66.08,-5.07
1104,Rhonegletscher,B43-03,473,2011-09-13,15:59:00,2012-09-07,14:34:00,673343.92,162738.06,2749.51,359.9,-41.62,-49.21,-3.88,-1.27,65.41,-3.94
1102,Rhonegletscher,B43-03,473,2011-09-15,11:38:00,2012-09-07,12:48:00,673564.51,165927.67,3123.44,358.0,-38.88,-45.12,-16.15,,60.77,-16.48
1103,Rhonegletscher,B43-03,473,2011-09-15,12:31:00,2012-09-07,13:28:00,673097.67,164929.51,2932.47,358.0,8.84,-47.83,-5.94,-2.01,49.63,-6.06
1206,Rhonegletscher,B43-03,473,2012-09-07,16:49:00,2013-09-23,11:31:00,672407.08,160842.46,2471.89,380.8,6.68,-41.85,-0.95,-0.63,40.65,-0.91
1205,Rhonegletscher,B43-03,473,2012-09-07,16:10:00,2013-09-23,12:41:00,672516.17,161926.89,2608.08,380.9,-38.89,-55.21,-4.09,-1.08,64.76,-3.92
1204,Rhonegletscher,B43-03,473,2012-09-07,14:40:00,2013-09-27,11:41:00,673356.71,162758.55,2749.2,384.9,-51.97,-52.45,-4.02,-0.69,70.07,-3.81
1203,Rhonegletscher,B43-03,473,2012-09-07,13:36:00,2013-09-27,09:59:00,673103.98,164928.61,2930.46,384.8,10.07,-50.76,-5.17,0.58,49.12,-4.91
1209,Rhonegletscher,B43-03,473,2012-09-11,11:26:00,2013-09-23,15:20:00,672607.07,159502.11,2263.15,377.2,-8.1,-13.21,1.13,-4.36,15.0,1.09
1207,Rhonegletscher,B43-03,473,2012-09-11,10:50:00,2013-09-23,10:09:00,672652.91,160178.26,2368.36,377.0,19.9,-32.5,-3.28,-2.06,36.92,-3.18
1208,Rhonegletscher,B43-03,473,2012-09-11,11:19:00,2013-09-23,14:35:00,672687.84,159722.09,2306.49,377.1,-0.37,-23.69,-2.57,-2.22,22.95,-2.49
1210,Rhonegletscher,B43-03,473,2012-09-11,11:31:00,2013-09-23,16:05:00,672537.11,159392.52,2244.98,377.2,-11.15,-13.97,-1.24,,17.31,-1.2
1211,Rhonegletscher,B43-03,473,2012-09-11,12:05:00,2013-09-23,17:15:00,672534.81,159241.06,2220.32,377.2,-10.43,-16.2,-5.61,,18.66,-5.43
1223,Rhonegletscher,B43-03,473,2012-09-11,11:05:00,2013-09-23,09:35:00,672706.65,159924.35,2329.41,377.0,4.99,-25.16,-3.08,-3.44,24.85,-2.98
1306,Rhonegletscher,B43-03,473,2013-09-23,11:36:00,2014-09-10,09:02:00,672413.95,160850.64,2471.87,351.9,5.43,-37.45,-0.75,-1.24,39.28,-0.78
1308,Rhonegletscher,B43-03,473,2013-09-23,14:38:00,2014-09-10,07:56:00,672685.93,159724.09,2304.49,351.7,-0.76,-21.16,-3.51,-3.49,21.99,-3.65
1307,Rhonegletscher,B43-03,473,2013-09-23,10:10:00,2014-09-10,08:22:00,672653.76,160179.96,2366.56,351.9,18.39,-29.23,-5.04,-3.24,35.84,-5.23
1310,Rhonegletscher,B43-03,473,2013-09-23,16:09:00,2014-09-10,07:12:00,672541.27,159387.28,2240.38,351.6,-11.43,-10.75,-2.57,-5.27,16.3,-2.67
1305,Rhonegletscher,B43-03,473,2013-09-23,12:49:00,2014-09-10,09:52:00,672516.18,161935.48,2607.52,351.9,-37.37,-51.1,-4.43,-1.27,65.71,-4.6
1323,Rhonegletscher,B43-03,473,2013-09-23,09:31:00,2014-09-10,08:06:00,672700.4,159944.77,2329.28,351.9,4.49,-22.5,-0.61,-4.28,23.81,-0.63
1301,Rhonegletscher,B43-03,473,2013-09-27,08:29:00,2014-09-11,08:31:00,673814.97,166615.05,3235.3,349.0,-5.69,-20.6,-4.62,0.68,22.37,-4.84
1309,Rhonegletscher,B43-03,473,2013-09-27,14:44:00,2014-09-10,07:21:00,672623.06,159516.16,2263.18,347.7,-8.51,-13.16,-1.65,-0.07,16.46,-1.73
1304,Rhonegletscher,B43-03,473,2013-09-27,11:46:00,2014-09-10,11:36:00,673357.96,162749.8,2748.45,348.0,-38.73,-47.36,-3.31,-0.49,64.21,-3.47
1312,Rhonegletscher,B43-03,473,2013-09-27,10:53:00,2014-09-11,12:56:00,673502.52,163989.6,2846.59,349.1,13.57,-38.81,-3.82,-1.58,43.02,-4.0
1303,Rhonegletscher,B43-03,473,2013-09-27,10:09:00,2014-09-11,12:01:00,673105.3,164929.43,2931.04,349.1,8.58,-46.18,-5.55,-0.49,49.14,-5.81
1404,Rhonegletscher,B43-03,473,2014-09-10,11:39:00,2015-09-10,11:25:00,673363.56,162767.15,2748.01,365.0,-39.81,-49.82,-3.61,-2.3,63.82,-3.61
1409,Rhonegletscher,B43-03,473,2014-09-10,07:23:00,2015-09-10,15:07:00,672605.1,159501.43,2254.43,365.3,-7.53,-12.45,-2.94,-6.26,14.55,-2.94
1410,Rhonegletscher,B43-03,473,2014-09-10,07:09:00,2015-09-10,15:28:00,672533.28,159389.72,2234.84,365.3,-9.44,-10.5,-2.83,-7.27,14.12,-2.83
1408,Rhonegletscher,B43-03,473,2014-09-10,07:57:00,2015-09-10,14:53:00,672680.41,159724.88,2301.43,365.3,-0.6,-20.6,-3.36,-5.15,20.61,-3.36
1423,Rhonegletscher,B43-03,473,2014-09-10,08:09:00,2015-09-10,14:34:00,672701.0,159935.89,2325.09,365.2,4.3,-22.44,-0.78,-4.86,22.85,-0.78
1407,Rhonegletscher,B43-03,473,2014-09-10,08:25:00,2015-09-10,14:15:00,672656.55,160174.98,2362.85,365.2,19.27,-29.75,-3.43,-4.19,35.45,-3.43
1406,Rhonegletscher,B43-03,473,2014-09-10,09:04:00,2015-09-10,13:36:00,672414.75,160846.37,2469.53,365.2,5.01,-38.16,-0.68,-3.62,38.49,-0.68
1405,Rhonegletscher,B43-03,473,2014-09-10,09:50:00,2015-09-10,12:53:00,672520.54,161919.71,2605.65,365.1,-37.45,-52.99,-4.06,-2.54,64.91,-4.06
1412,Rhonegletscher,B43-03,473,2014-09-11,12:59:00,2015-09-10,10:36:00,673497.44,163990.38,2845.17,363.9,14.47,-40.78,-3.67,-1.86,43.43,-3.68
1401,Rhonegletscher,B43-03,473,2014-09-11,08:33:00,2015-09-10,07:41:00,673815.02,166614.99,3235.98,364.0,-6.25,-21.44,-5.22,-1.19,22.41,-5.24
1403,Rhonegletscher,B43-03,473,2014-09-11,12:08:00,2015-09-10,10:00:00,673098.89,164928.65,2930.55,363.9,9.12,-48.67,-6.27,-1.62,49.7,-6.29
1402,Rhonegletscher,B43-03,473,2014-09-11,11:15:00,2015-09-10,08:57:00,673565.07,165924.99,3123.86,363.9,-41.16,-48.36,-17.01,-0.31,63.74,-17.07
1507,Rhonegletscher,B43-03,473,2015-09-10,14:12:00,2016-09-20,14:10:00,672657.37,160173.07,2358.32,376.0,18.0,-28.56,-3.1,-3.92,32.79,-3.01
1507,Rhonegletscher,B43-03,473,2015-09-10,14:12:00,2016-07-15,08:34:00,672657.37,160173.07,2358.32,308.8,14.73,-23.16,-2.28,,32.46,-2.7
1506,Rhonegletscher,B43-03,473,2015-09-10,13:35:00,2016-09-20,13:38:00,672410.51,160848.95,2465.95,376.0,5.38,-37.41,-0.52,-2.22,36.71,-0.51
1505,Rhonegletscher,B43-03,473,2015-09-10,12:49:00,2016-09-20,12:56:00,672521.41,161914.61,2603.04,376.0,-37.6,-52.63,-4.1,-2.15,62.83,-3.98
1504,Rhonegletscher,B43-03,473,2015-09-10,11:20:00,2016-09-20,11:48:00,673373.45,162786.65,2747.09,376.0,-39.49,-50.59,-3.63,-0.73,62.34,-3.53
1503,Rhonegletscher,B43-03,473,2015-09-10,09:53:00,2016-09-20,10:04:00,673100.14,164929.33,2928.93,376.0,9.25,-49.9,-4.99,-0.47,49.3,-4.85
1502,Rhonegletscher,B43-03,473,2015-09-10,09:10:00,2016-09-20,09:14:00,673552.0,165950.0,3125.25,376.0,-39.34,-48.67,-16.09,0.13,60.79,-15.63
1501,Rhonegletscher,B43-03,473,2015-09-10,07:43:00,2016-09-20,07:58:00,673814.99,166614.99,3234.79,376.0,-6.0,-22.6,-5.18,0.49,22.71,-5.03
1523,Rhonegletscher,B43-03,473,2015-09-10,14:32:00,2016-07-15,06:55:00,672704.11,159938.1,2320.62,308.7,3.55,-17.28,-0.06,,20.87,-0.07
1523,Rhonegletscher,B43-03,473,2015-09-10,14:32:00,2016-09-20,14:29:00,672704.11,159938.1,2320.62,376.0,4.17,-20.77,-0.47,-3.71,20.58,-0.46
1509,Rhonegletscher,B43-03,473,2015-09-10,15:08:00,2016-07-15,09:05:00,672605.1,159500.17,2248.17,308.7,-5.62,-8.32,-0.61,,11.88,-0.72
1508,Rhonegletscher,B43-03,473,2015-09-10,14:52:00,2016-07-15,08:56:00,672680.02,159723.99,2296.28,308.8,-0.23,-15.5,-1.63,,18.34,-1.93
1509,Rhonegletscher,B43-03,473,2015-09-10,15:08:00,2016-09-20,15:14:00,672605.1,159500.17,2248.17,376.0,-6.78,-10.17,-1.87,-6.18,11.87,-1.82
1510,Rhonegletscher,B43-03,473,2015-09-10,15:32:00,2016-07-15,09:14:00,672530.0,159389.97,2227.56,308.7,-6.8,-7.52,-1.13,,12.0,-1.34
1510,Rhonegletscher,B43-03,473,2015-09-10,15:32:00,2016-09-20,15:37:00,672530.0,159389.97,2227.56,376.0,-8.45,-9.98,-2.7,-6.22,12.7,-2.62
1508,Rhonegletscher,B43-03,473,2015-09-10,14:52:00,2016-09-20,14:56:00,672680.02,159723.99,2296.28,376.0,-0.69,-18.48,-2.96,-5.34,17.96,-2.88
1512,Rhonegletscher,B43-03,473,2015-09-10,10:35:00,2016-09-20,10:53:00,673501.31,163993.77,2843.36,376.0,15.34,-42.17,-3.52,-0.5,43.59,-3.42
1507,Rhonegletscher,B43-03,473,2016-07-15,08:34:00,2016-09-20,14:10:00,672672.1,160149.91,2353.67,67.2,3.27,-5.4,-0.82,,34.31,-4.46
1508,Rhonegletscher,B43-03,473,2016-07-15,08:56:00,2016-09-20,14:56:00,672679.79,159708.49,2292.1,67.2,-0.46,-2.98,-1.33,,16.39,-7.23
1510,Rhonegletscher,B43-03,473,2016-07-15,09:14:00,2016-09-20,15:37:00,672523.2,159382.45,2224.43,67.3,-1.64,-2.45,-1.58,,16.0,-8.57
1509,Rhonegletscher,B43-03,473,2016-07-15,09:05:00,2016-09-20,15:14:00,672599.49,159491.85,2244.99,67.3,-1.16,-1.85,-1.25,,11.85,-6.78
1523,Rhonegletscher,B43-03,473,2016-07-15,06:55:00,2016-09-20,14:29:00,672707.66,159920.82,2318.18,67.3,0.62,-3.49,-0.42,,19.24,-2.28
1607,Rhonegletscher,B43-03,473,2016-09-20,14:12:00,2017-09-26,13:41:00,672651.95,160175.3,2355.42,371.0,17.35,-25.25,-2.96,-4.32,30.16,-2.91
1601,Rhonegletscher,B43-03,473,2016-09-20,08:01:00,2017-09-26,08:05:00,673814.99,166615.01,3235.28,371.0,-6.45,-21.82,-5.32,-0.61,22.4,-5.24
1602,Rhonegletscher,B43-03,473,2016-09-20,09:18:00,2017-09-26,09:41:00,673552.01,165949.97,3125.38,371.0,-38.37,-47.71,-16.95,-0.15,60.28,-16.69
1603,Rhonegletscher,B43-03,473,2016-09-20,10:15:00,2017-09-26,10:31:00,673099.55,164928.12,2928.46,371.0,9.06,-48.64,-4.46,-1.52,48.71,-4.39
1504,Rhonegletscher,B43-03,473,2016-09-20,11:48:00,2017-09-26,11:46:00,673333.96,162736.06,2742.37,371.0,-39.78,-48.17,-3.18,-1.45,61.5,-3.13
1605,Rhonegletscher,B43-03,473,2016-09-20,12:59:00,2017-09-26,12:40:00,672519.26,161919.16,2600.99,371.0,-36.18,-50.04,-4.59,-2.08,60.79,-4.52
1606,Rhonegletscher,B43-03,473,2016-09-20,13:33:00,2017-09-26,13:10:00,672410.11,160847.32,2463.65,371.0,5.25,-34.67,-0.43,-3.19,34.52,-0.42
1608,Rhonegletscher,B43-03,473,2016-09-20,14:58:00,2017-09-26,14:13:00,672679.99,159724.03,2290.95,371.0,-0.19,-15.93,-3.06,-6.34,15.68,-3.01
1609,Rhonegletscher,B43-03,473,2016-09-20,15:29:00,2017-09-26,14:25:00,672609.28,159493.73,2242.34,371.0,-5.81,-8.33,-1.77,-7.02,10.0,-1.74
1610,Rhonegletscher,B43-03,473,2016-09-20,15:35:00,2017-09-26,14:38:00,672530.06,159389.96,2221.34,371.0,-6.68,-6.74,-1.67,-6.85,9.34,-1.64
1512,Rhonegletscher,B43-03,473,2016-09-20,10:53:00,2017-09-26,11:07:00,673516.65,163951.6,2839.85,371.0,12.63,-40.73,-3.23,-1.93,41.98,-3.18
1623,Rhonegletscher,B43-03,473,2016-09-20,14:30:00,2017-09-26,13:55:00,672704.92,159937.05,2316.18,371.0,3.83,-18.59,-0.64,-4.81,18.69,-0.63
1701,Rhonegletscher,B43-03,473,2017-09-26,09:04:00,2018-09-12,07:49:00,673813.31,166615.62,3234.7,350.9,-4.23,-22.15,-6.42,-0.71,23.47,-6.68
1702,Rhonegletscher,B43-03,473,2017-09-26,10:02:00,2018-09-12,09:31:00,673514.37,165898.89,3109.99,351.0,-39.37,-46.95,-15.58,-2.19,63.76,-16.21
1603,Rhonegletscher,B43-03,473,2017-09-26,10:31:00,2018-09-12,10:30:00,673108.61,164879.48,2923.93,351.0,10.88,-45.97,-4.61,-1.52,49.16,-4.8
1704,Rhonegletscher,B43-03,473,2017-09-26,11:46:00,2018-09-12,11:36:00,673363.38,162761.53,2743.3,351.0,-36.52,-45.83,-3.34,-2.29,60.98,-3.48
1705,Rhonegletscher,B43-03,473,2017-09-26,12:38:00,2018-09-12,12:47:00,672521.29,161920.37,2598.91,351.0,-34.33,-46.77,-3.78,-3.37,60.37,-3.93
1706,Rhonegletscher,B43-03,473,2017-09-26,13:09:00,2018-09-12,13:18:00,672422.76,160843.02,2460.37,351.0,4.99,-31.73,-2.17,-2.81,33.42,-2.26
1723,Rhonegletscher,B43-03,473,2017-09-26,13:54:00,2018-08-30,11:32:00,672705.04,159936.86,2311.37,337.9,3.32,-16.18,-0.95,-5.49,17.85,-1.03
1723,Rhonegletscher,B43-03,473,2017-09-26,13:54:00,2018-07-05,08:44:00,672705.04,159936.86,2311.37,281.8,2.62,-12.6,-0.41,,16.68,-0.53
1712,Rhonegletscher,B43-03,473,2017-09-26,11:07:00,2018-09-12,10:58:00,673500.04,163989.97,2840.72,351.0,13.46,-38.43,-3.6,-2.2,42.37,-3.75
1710,Rhonegletscher,B43-03,473,2017-09-26,14:34:00,2018-09-12,14:50:00,672538.82,159391.46,2216.02,351.1,-4.69,-5.28,0.05,,7.35,0.05
1710,Rhonegletscher,B43-03,473,2017-09-26,14:34:00,2018-07-05,06:57:00,672538.82,159391.46,2216.02,281.7,-4.16,-4.35,0.52,,7.8,0.67
1709,Rhonegletscher,B43-03,473,2017-09-26,14:24:00,2018-09-12,14:48:00,672605.9,159500.85,2234.97,351.1,-4.65,-6.46,-1.04,-6.74,8.28,-1.08
1709,Rhonegletscher,B43-03,473,2017-09-26,14:24:00,2018-07-05,07:22:00,672605.9,159500.85,2234.97,281.7,-3.76,-5.2,-0.2,,8.32,-0.26
1708,Rhonegletscher,B43-03,473,2017-09-26,14:13:00,2018-09-12,14:29:00,672680.62,159724.71,2284.61,351.1,-0.2,-13.34,-2.36,-5.24,13.88,-2.46
1708,Rhonegletscher,B43-03,473,2017-09-26,14:13:00,2018-07-05,07:55:00,672680.62,159724.71,2284.61,281.7,-0.07,-10.82,-1.12,,14.03,-1.45
1707,Rhonegletscher,B43-03,473,2017-09-26,13:40:00,2018-09-12,13:43:00,672656.09,160172.83,2350.0,351.0,15.07,-22.65,-2.83,-4.72,28.31,-2.94
1707,Rhonegletscher,B43-03,473,2017-09-26,13:40:00,2018-07-05,09:00:00,672656.09,160172.83,2350.0,281.8,12.04,-17.95,-1.71,,28.01,-2.22
k07,Rhonegletscher,B43-03,473,2017-09-26,15:24:00,2018-07-05,09:29:00,672775.38,159840.43,2300.88,281.8,1.18,-10.38,0.67,,13.54,0.87
k06,Rhonegletscher,B43-03,473,2017-09-26,15:28:00,2018-07-05,09:22:00,672676.84,159838.63,2302.76,281.7,0.55,-11.36,1.01,,14.75,1.31
k05,Rhonegletscher,B43-03,473,2017-09-26,15:25:00,2018-07-05,09:35:00,672765.4,159859.74,2303.48,281.8,1.03,-10.69,0.88,,13.92,1.14
k04,Rhonegletscher,B43-03,473,2017-09-26,15:15:00,2018-07-05,09:39:00,672820.08,159758.01,2287.7,281.8,0.46,-8.27,0.13,,10.74,0.17
k03,Rhonegletscher,B43-03,473,2017-09-26,15:07:00,2018-07-05,09:43:00,672747.31,159730.91,2285.92,281.8,-0.15,-9.7,-0.58,,12.57,-0.75
k02,Rhonegletscher,B43-03,473,2017-09-26,14:59:00,2018-09-12,14:53:00,672606.8,159432.41,2229.82,351.0,-4.66,-4.98,-0.38,,7.1,-0.4
k02,Rhonegletscher,B43-03,473,2017-09-26,14:59:00,2018-07-05,07:01:00,672606.8,159432.41,2229.82,281.7,-3.74,-4.6,-0.23,,7.69,-0.3
k01,Rhonegletscher,B43-03,473,2017-09-26,14:40:00,2018-09-12,14:51:00,672558.76,159367.46,2217.74,351.0,-4.75,-4.12,0.9,,6.54,0.94
k01,Rhonegletscher,B43-03,473,2017-09-26,14:40:00,2018-07-05,06:59:00,672558.76,159367.46,2217.74,281.7,-4.09,-4.55,0.3,,7.93,0.39
1806,Rhonegletscher,B43-03,473,2018-09-12,13:21:00,2019-09-12,13:45:00,672422.9,160851.01,2458.39,365.0,4.47,-30.85,-0.29,-3.73,31.19,-0.29
1805,Rhonegletscher,B43-03,473,2018-09-12,12:46:00,2019-09-12,13:07:00,672522.11,161909.07,2595.4,365.0,-34.12,-46.63,-3.51,-1.64,57.82,-3.51
1804,Rhonegletscher,B43-03,473,2018-09-12,11:34:00,2019-09-12,12:03:00,673366.37,162770.62,2741.67,365.0,-35.98,-45.79,-3.24,-1.64,58.27,-3.24
1803,Rhonegletscher,B43-03,473,2018-09-12,10:25:00,2019-09-12,10:24:00,673100.22,164923.88,2924.53,365.0,9.05,-46.32,-5.11,-0.63,47.23,-5.11
1802,Rhonegletscher,B43-03,473,2018-09-12,09:46:00,2019-09-12,09:27:00,673519.34,165922.99,3113.35,365.0,-37.24,-46.65,-15.12,-0.55,59.73,-15.13
1807,Rhonegletscher,B43-03,473,2018-09-12,13:41:00,2019-09-12,14:03:00,672656.38,160173.14,2345.27,365.0,14.86,-22.36,-3.0,-4.89,26.87,-3.0
1823,Rhonegletscher,B43-03,473,2018-09-12,13:58:00,2019-09-12,14:14:00,672704.12,159938.96,2306.24,365.0,3.07,-15.17,-1.13,-5.09,15.49,-1.13
k02,Rhonegletscher,B43-03,473,2018-09-12,14:53:00,2019-09-12,15:31:00,672602.13,159427.43,2222.27,365.0,-4.34,-3.94,0.2,,5.87,0.2
1808,Rhonegletscher,B43-03,473,2018-09-12,14:26:00,2019-09-12,14:52:00,672678.18,159725.17,2279.67,365.0,0.06,-13.1,-2.79,-5.11,13.11,-2.79
1809,Rhonegletscher,B43-03,473,2018-09-12,14:46:00,2019-09-12,15:28:00,672608.39,159500.54,2228.99,365.0,-4.32,-5.23,-0.9,-6.53,6.79,-0.9
1812,Rhonegletscher,B43-03,473,2018-09-12,11:03:00,2019-09-12,11:26:00,673497.18,163988.95,2838.51,365.0,13.67,-38.24,-3.48,-1.38,40.64,-3.48
k07,Rhonegletscher,B43-03,473,2018-10-05,13:59:00,2019-09-12,15:01:00,672776.64,159826.5,2292.87,342.0,0.76,-10.86,0.82,,11.63,0.88
k02,Rhonegletscher,B43-03,473,2018-10-05,15:10:00,2019-09-12,15:31:00,672602.0,159427.08,2221.24,342.0,-4.21,-3.59,0.15,,5.91,0.16
k03,Rhonegletscher,B43-03,473,2018-10-05,14:39:00,2019-09-12,15:20:00,672746.57,159719.17,2276.84,342.0,-0.26,-9.14,-0.93,,9.77,-0.99
k04,Rhonegletscher,B43-03,473,2018-10-05,14:41:00,2019-09-12,15:18:00,672820.7,159749.01,2279.91,342.0,0.61,-7.3,0.41,,7.82,0.44
k05,Rhonegletscher,B43-03,473,2018-10-05,14:00:00,2019-09-12,15:00:00,672766.59,159845.17,2295.51,342.0,0.97,-11.35,1.08,,12.17,1.15
k06,Rhonegletscher,B43-03,473,2018-10-05,14:33:00,2019-09-12,14:49:00,672677.37,159823.17,2295.09,342.0,0.28,-12.21,1.63,,13.04,1.74
1902,Rhonegletscher,B43-03,473,2019-09-12,09:34:00,2020-09-11,08:36:00,673499.29,165900.17,3105.65,365.0,-38.19,-47.0,-14.63,-1.48,60.6,-14.64
1903,Rhonegletscher,B43-03,473,2019-09-12,10:41:00,2020-09-11,09:24:00,673098.85,164928.31,2923.9,364.9,9.0,-46.59,-5.13,-1.77,47.5,-5.13
1904,Rhonegletscher,B43-03,473,2019-09-12,12:09:00,2020-09-11,10:51:00,673345.39,162773.78,2738.66,364.9,-36.51,-45.82,-3.36,-1.75,58.64,-3.36
1905,Rhonegletscher,B43-03,473,2019-09-12,13:11:00,2020-04-24,13:14:00,672520.96,161919.03,2593.91,225.0,-14.96,-26.03,-13.3,,48.74,-21.59
1905,Rhonegletscher,B43-03,473,2019-09-12,13:11:00,2020-09-11,10:42:00,672520.96,161919.03,2593.91,364.9,-34.71,-46.7,-3.51,-2.47,58.24,-3.51
1906,Rhonegletscher,B43-03,473,2019-09-12,13:45:00,2020-04-24,13:37:00,672420.62,160842.98,2454.02,225.0,3.38,-1.98,0.22,,6.36,0.36
1906,Rhonegletscher,B43-03,473,2019-09-12,13:45:00,2020-09-11,12:39:00,672420.62,160842.98,2454.02,365.0,4.52,-29.17,-0.39,-4.35,29.54,-0.39
1907,Rhonegletscher,B43-03,473,2019-09-12,14:03:00,2020-04-24,13:50:00,672659.12,160175.05,2340.64,225.0,9.88,-11.05,-2.36,,24.06,-3.83
1907,Rhonegletscher,B43-03,473,2019-09-12,14:03:00,2020-09-11,13:12:00,672659.12,160175.05,2340.64,365.0,13.53,-22.37,-2.67,-5.91,26.16,-2.67
1908,Rhonegletscher,B43-03,473,2019-09-12,14:52:00,2020-07-08,15:32:00,672679.84,159723.2,2273.97,300.0,-0.04,-9.14,1.01,,11.13,1.23
1908,Rhonegletscher,B43-03,473,2019-09-12,14:52:00,2020-09-11,14:28:00,672679.84,159723.2,2273.97,365.0,0.6,-11.52,-3.4,-7.48,11.54,-3.4
1909,Rhonegletscher,B43-03,473,2019-09-12,15:29:00,2020-04-24,14:00:00,672607.65,159501.16,2222.36,224.9,-1.65,-6.16,-1.19,,10.36,-1.93
1909,Rhonegletscher,B43-03,473,2019-09-12,15:29:00,2020-09-11,14:41:00,672607.65,159501.16,2222.36,365.0,-3.64,-4.94,-1.02,-7.51,6.14,-1.02
1812,Rhonegletscher,B43-03,473,2019-09-12,11:26:00,2020-09-11,10:11:00,673510.84,163950.71,2834.2,364.9,13.22,-39.43,-2.71,-1.46,41.63,-2.71
1923,Rhonegletscher,B43-03,473,2019-09-12,14:14:00,2020-04-24,13:54:00,672701.14,159939.19,2300.81,225.0,-0.14,-5.19,-0.66,,8.43,-1.07
1923,Rhonegletscher,B43-03,473,2019-09-12,14:14:00,2020-09-11,13:26:00,672701.14,159939.19,2300.81,365.0,2.43,-13.8,-1.89,-7.23,14.02,-1.89
k04,Rhonegletscher,B43-03,473,2019-09-12,15:18:00,2020-09-11,14:23:00,672821.31,159741.71,2274.72,365.0,0.36,-5.26,0.85,,5.28,0.85
k07,Rhonegletscher,B43-03,473,2019-09-12,15:01:00,2020-09-11,14:00:00,672777.4,159815.63,2286.88,365.0,0.4,-9.29,0.98,,9.3,0.98
2001,Rhonegletscher,B43-03,473,2020-09-11,07:28:00,2021-09-08,08:38:00,673815.0,166615.02,3233.12,362.0,-5.68,-20.0,-4.82,0.49,20.98,-4.86
2002,Rhonegletscher,B43-03,473,2020-09-11,08:54:00,2021-09-08,10:23:00,673490.23,165892.41,3102.42,362.1,-38.99,-46.6,-14.77,1.37,61.29,-14.9
2003,Rhonegletscher,B43-03,473,2020-09-11,09:39:00,2021-09-08,10:51:00,673102.76,164914.04,2921.11,362.1,8.88,-44.55,-5.04,-0.66,45.82,-5.08
2004,Rhonegletscher,B43-03,473,2020-09-11,10:53:00,2021-09-08,12:25:00,673347.93,162772.21,2736.79,362.1,-35.0,-44.34,-2.87,-0.28,56.98,-2.89
2005,Rhonegletscher,B43-03,473,2020-09-11,10:40:00,2021-09-08,13:17:00,672517.8,161923.29,2591.62,362.1,-33.85,-44.68,-3.32,-1.0,56.54,-3.35
2006,Rhonegletscher,B43-03,473,2020-09-11,12:45:00,2021-09-08,13:56:00,672417.35,160844.16,2449.86,362.0,4.06,-27.63,-0.01,-2.36,28.18,-0.01
2007,Rhonegletscher,B43-03,473,2020-09-11,13:10:00,2021-09-08,14:26:00,672657.26,160173.6,2334.73,362.1,12.9,-18.08,-1.28,-3.29,22.4,-1.29
2008,Rhonegletscher,B43-03,473,2020-09-11,14:29:00,2021-09-08,15:01:00,672675.48,159723.5,2266.83,362.0,-0.02,-9.01,-2.03,-5.03,9.09,-2.05
2009,Rhonegletscher,B43-03,473,2020-09-11,14:38:00,2021-09-08,15:36:00,672625.2,159567.72,2227.28,362.0,-2.79,-4.34,-2.08,-3.9,5.21,-2.1
2012,Rhonegletscher,B43-03,473,2020-09-11,10:18:00,2021-09-08,11:42:00,673495.49,163986.51,2835.67,362.1,12.81,-36.73,-3.21,-0.52,39.24,-3.24
2023,Rhonegletscher,B43-03,473,2020-09-11,13:24:00,2021-09-08,14:45:00,672705.02,159936.99,2293.55,362.1,2.96,-11.49,-0.18,-4.79,11.97,-0.18
2101,Rhonegletscher,B43-03,473,2021-09-08,08:38:00,2022-09-13,07:20:00,673814.94,166615.02,3233.61,369.9,-5.6,-19.87,-4.88,-3.88,20.38,-4.82
2102,Rhonegletscher,B43-03,473,2021-09-08,10:06:00,2022-09-13,07:44:00,673524.9,165927.68,3113.83,369.9,-35.77,-45.9,-16.69,0.77,57.46,-16.48
2103,Rhonegletscher,B43-03,473,2021-09-08,11:00:00,2022-09-09,12:27:00,673099.05,164927.77,2921.47,366.1,8.94,-44.68,-5.71,-5.31,45.46,-5.7
2104,Rhonegletscher,B43-03,473,2021-09-08,12:18:00,2022-09-09,11:05:00,673357.51,162759.59,2736.91,366.0,-34.2,-42.85,-3.67,-3.95,54.71,-3.66
2123,Rhonegletscher,B43-03,473,2021-09-08,14:47:00,2022-09-09,07:54:00,672707.22,159938.45,2289.0,365.7,2.68,-10.78,-1.16,-8.85,11.09,-1.16
2012,Rhonegletscher,B43-03,473,2021-09-08,11:42:00,2022-09-09,11:51:00,673508.3,163949.78,2832.26,366.0,12.21,-36.76,-3.25,-4.88,38.66,-3.24
2109,Rhonegletscher,B43-03,473,2021-09-08,15:44:00,2022-09-09,14:55:00,672626.72,159568.34,2221.65,366.0,-2.68,-5.23,-4.82,-8.68,5.86,-4.81
2108,Rhonegletscher,B43-03,473,2021-09-08,15:23:00,2022-09-09,14:34:00,672679.65,159724.63,2261.95,366.0,0.65,-8.83,-3.39,-9.7,8.84,-3.38
2105,Rhonegletscher,B43-03,473,2021-09-08,13:23:00,2022-09-09,09:44:00,672522.19,161919.25,2590.61,365.8,-32.69,-42.78,-3.92,-5.42,53.76,-3.91
2106,Rhonegletscher,B43-03,473,2021-09-08,13:54:00,2022-09-09,08:55:00,672414.98,160847.17,2448.28,365.8,3.7,-26.78,-0.81,-5.3,26.99,-0.81
2107,Rhonegletscher,B43-03,473,2021-09-08,14:27:00,2022-09-09,08:16:00,672657.46,160173.57,2331.65,365.8,12.07,-17.58,-2.01,-7.68,21.29,-2.01
2323,Rhonegletscher,B43-03,473,2023-09-08,13:44:00,2023-09-26,11:51:00,672709.81,159937.42,2271.99,17.92,0.08,-0.47,0.09,,9.65,1.9
2323,Rhonegletscher,B43-03,473,2023-09-08,13:44:00,2024-09-06,14:49:00,672709.81,159937.42,2271.99,364.05,1.7,-8.15,-2.88,-8.43,8.36,-2.89
2313,Rhonegletscher,B43-03,473,2023-09-08,10:29:00,2024-09-06,12:10:00,673521.11,163141.83,2763.78,364.07,-17.91,-42.57,-5.01,-2.94,46.33,-5.03
2313,Rhonegletscher,B43-03,473,2023-09-08,10:29:00,2023-10-17,09:16:00,673521.11,163141.83,2763.78,38.95,-1.94,-4.59,-0.41,,46.69,-3.82
2312,Rhonegletscher,B43-03,473,2023-09-08,10:00:00,2024-09-06,11:35:00,673496.84,163988.41,2827.54,364.07,12.11,-33.58,-3.65,-2.35,35.81,-3.66
2312,Rhonegletscher,B43-03,473,2023-09-08,10:00:00,2023-10-17,09:41:00,673496.84,163988.41,2827.54,38.99,1.24,-3.84,-0.42,,37.78,-3.92
2308,Rhonegletscher,B43-03,473,2023-09-08,14:13:00,2024-09-06,15:04:00,672680.68,159727.08,2243.31,364.04,0.81,-6.01,-3.26,-8.13,6.09,-3.27
2308,Rhonegletscher,B43-03,473,2023-09-08,14:13:00,2023-09-26,11:12:00,672680.68,159727.08,2243.31,17.87,0.07,-0.27,0.01,,5.69,0.16
2307,Rhonegletscher,B43-03,473,2023-09-08,13:21:00,2024-09-06,14:26:00,672652.45,160170.21,2316.93,364.05,9.56,-12.95,-1.97,-6.64,16.15,-1.98
2307,Rhonegletscher,B43-03,473,2023-09-08,13:21:00,2023-09-26,11:59:00,672652.45,160170.21,2316.93,17.94,0.6,-0.69,0.14,,18.61,2.83
2306,Rhonegletscher,B43-03,473,2023-09-08,12:53:00,2024-09-06,14:00:00,672416.18,160860.2,2438.12,364.05,2.19,-22.25,-0.29,-4.3,22.43,-0.29
2306,Rhonegletscher,B43-03,473,2023-09-08,12:53:00,2023-10-17,13:50:00,672416.18,160860.2,2438.12,39.04,0.18,-2.57,-0.06,,24.07,-0.52
2305,Rhonegletscher,B43-03,473,2023-09-08,11:55:00,2024-09-06,13:09:00,672520.18,161919.2,2581.76,364.05,-29.58,-38.88,-4.21,-4.08,49.02,-4.22
2305,Rhonegletscher,B43-03,473,2023-09-08,11:55:00,2023-10-17,08:33:00,672520.18,161919.2,2581.76,38.86,-3.28,-4.03,-0.94,,48.82,-8.8
2304,Rhonegletscher,B43-03,473,2023-09-08,10:51:00,2024-09-06,12:31:00,673362.12,162763.84,2729.32,364.07,-31.3,-39.65,-3.48,-2.61,50.68,-3.49
2304,Rhonegletscher,B43-03,473,2023-09-08,10:51:00,2023-10-17,12:45:00,673362.12,162763.84,2729.32,39.08,-3.29,-4.24,-0.41,,50.19,-3.81
2303,Rhonegletscher,B43-03,473,2023-09-08,09:37:00,2024-09-06,11:07:00,673098.35,164925.87,2913.36,364.06,8.01,-40.46,-4.67,-1.98,41.38,-4.69
2303,Rhonegletscher,B43-03,473,2023-09-08,09:37:00,2023-10-17,10:03:00,673098.35,164925.87,2913.36,39.02,0.74,-4.36,-0.52,,41.4,-4.86
2302,Rhonegletscher,B43-03,473,2023-09-08,09:00:00,2024-09-06,10:35:00,673407.0,165819.48,3071.4,364.07,-33.91,-43.65,-12.76,-1.84,55.45,-12.8
2302,Rhonegletscher,B43-03,473,2023-09-08,09:00:00,2023-10-17,10:35:00,673407.0,165819.48,3071.4,39.07,-3.55,-4.3,-1.46,,52.14,-13.65
2301,Rhonegletscher,B43-03,473,2023-09-08,07:47:00,2023-10-17,11:20:00,673815.02,166614.91,3228.76,39.15,-0.52,-1.64,-0.39,,16.07,-3.68
2202,Rhonegletscher,B43-03,473,2023-09-08,08:37:00,2024-09-06,10:06:00,673537.42,165924.42,3109.31,364.06,-32.45,-39.68,-12.92,-3.2,51.43,-12.96
2202,Rhonegletscher,B43-03,473,2023-09-08,08:37:00,2023-10-17,10:48:00,673537.42,165924.42,3109.31,39.09,-3.49,-4.14,-1.44,,50.6,-13.48
2308,Rhonegletscher,B43-03,473,2023-09-26,11:12:00,2023-10-17,14:29:00,672680.75,159726.81,2242.49,21.14,-0.02,-0.44,-0.62,,7.64,-10.64
2323,Rhonegletscher,B43-03,473,2023-09-26,11:51:00,2023-10-17,14:17:00,672709.89,159936.96,2271.23,21.1,0.19,-0.55,-0.49,,10.08,-8.52
2307,Rhonegletscher,B43-03,473,2023-09-26,11:59:00,2023-10-17,14:10:00,672653.05,160169.52,2316.24,21.09,0.6,-0.95,-0.5,,19.43,-8.68
2305,Rhonegletscher,B43-03,473,2023-10-17,08:33:00,2024-08-12,09:55:00,672516.91,161915.17,2580.27,300.06,-24.25,-31.99,-2.34,,48.87,-2.85
2313,Rhonegletscher,B43-03,473,2023-10-17,09:16:00,2024-09-06,12:10:00,673519.17,163137.25,2762.32,325.12,-15.97,-37.98,-4.6,,46.29,-5.17
2303,Rhonegletscher,B43-03,473,2023-10-17,10:03:00,2024-09-06,11:07:00,673099.09,164921.51,2912.18,325.04,7.28,-36.1,-4.15,,41.38,-4.67
2323,Rhonegletscher,B43-03,473,2023-10-17,14:17:00,2024-07-02,12:07:00,672710.08,159936.41,2269.89,258.91,1.05,-4.58,-0.08,,6.63,-0.11
2307,Rhonegletscher,B43-03,473,2023-10-17,14:10:00,2024-07-02,12:42:00,672653.66,160168.58,2314.85,258.94,6.19,-8.41,0.1,,14.73,0.14
2302,Rhonegletscher,B43-03,473,2023-10-17,10:35:00,2024-09-06,10:35:00,673403.45,165815.19,3068.99,325.0,-30.35,-39.35,-11.29,,55.85,-12.69
2306,Rhonegletscher,B43-03,473,2023-10-17,13:50:00,2024-07-02,10:00:00,672416.35,160857.64,2436.59,258.84,4.65,-14.64,11.91,,21.67,16.81
2304,Rhonegletscher,B43-03,473,2023-10-17,12:45:00,2024-09-06,12:31:00,673358.83,162759.6,2728.2,324.99,-28.01,-35.4,-3.07,,50.74,-3.45
2312,Rhonegletscher,B43-03,473,2023-10-17,09:41:00,2024-09-06,11:35:00,673498.07,163984.57,2826.35,325.08,10.88,-29.74,-3.24,,35.58,-3.63
2202,Rhonegletscher,B43-03,473,2023-10-17,10:48:00,2024-09-06,10:06:00,673533.93,165920.28,3106.76,324.97,-28.96,-35.54,-11.48,,51.53,-12.9
2308,Rhonegletscher,B43-03,473,2023-10-17,14:29:00,2024-07-02,13:04:00,672680.73,159726.36,2240.93,258.94,0.3,-4.55,0.3,,6.44,0.42
2323,Rhonegletscher,B43-03,473,2024-07-02,12:07:00,2024-08-12,08:01:00,672711.13,159931.83,2269.41,40.83,0.28,-1.47,-0.87,,13.4,-7.82
2307,Rhonegletscher,B43-03,473,2024-07-02,12:42:00,2024-08-12,08:11:00,672659.84,160160.17,2313.77,40.81,1.36,-1.83,-0.74,,20.41,-6.65
2308,Rhonegletscher,B43-03,473,2024-07-02,13:04:00,2024-08-12,07:50:00,672681.03,159721.81,2241.93,40.78,0.47,-0.3,-1.6,,5.02,-14.3
2306,Rhonegletscher,B43-03,473,2024-07-02,10:00:00,2024-08-12,08:46:00,672421.0,160843.0,2448.0,40.95,-2.63,-3.37,-11.48,,38.11,-102.43
2323,Rhonegletscher,B43-03,473,2024-08-12,08:01:00,2024-09-06,14:49:00,672711.41,159930.35,2265.31,25.28,0.1,-1.08,-1.53,,15.71,-22.1
2307,Rhonegletscher,B43-03,473,2024-08-12,08:11:00,2024-09-06,14:26:00,672661.21,160158.34,2310.1,25.26,0.8,-1.08,-0.97,,19.49,-13.98
2308,Rhonegletscher,B43-03,473,2024-08-12,07:50:00,2024-09-06,15:04:00,672681.51,159721.51,2236.61,25.3,-0.01,-0.45,-1.36,,6.51,-19.58
2305,Rhonegletscher,B43-03,473,2024-08-12,09:55:00,2024-09-06,13:09:00,672492.66,161883.18,2575.06,25.13,-2.05,-2.86,-0.94,,51.17,-13.6
2306,Rhonegletscher,B43-03,473,2024-08-12,08:46:00,2024-09-06,14:00:00,672418.37,160839.63,2433.44,25.22,-0.01,-1.68,-0.66,,24.38,-9.54
2406,Rhonegletscher,B43-03,473,2024-09-06,13:56:00,2025-09-04,11:36:00,672421.91,160859.15,2433.53,362.9,2.52,-19.54,-0.04,-4.05,19.83,-0.04
24RC2,Rhonegletscher,B43-03,473,2024-09-06,14:19:00,2025-09-04,11:54:00,672679.41,160285.65,2320.92,362.9,9.72,-11.48,-4.77,-8.69,15.14,-4.8
24RC1,Rhonegletscher,B43-03,473,2024-09-06,13:26:00,2025-09-04,10:44:00,672536.43,161925.82,2579.57,362.89,-29.22,-37.04,-3.49,3.18,47.49,-3.51
2423,Rhonegletscher,B43-03,473,2024-09-06,14:46:00,2025-09-04,12:32:00,672702.43,159941.11,2263.95,362.91,1.74,-6.05,-2.34,-9.02,6.34,-2.35
2413,Rhonegletscher,B43-03,473,2024-09-06,12:07:00,2025-09-04,09:47:00,673520.29,163145.35,2761.47,362.9,-17.04,-40.69,-4.35,-2.0,44.39,-4.38
2412,Rhonegletscher,B43-03,473,2024-09-06,11:37:00,2025-09-04,09:20:00,673496.15,163991.48,2825.34,362.9,11.65,-32.07,-3.19,-2.62,34.35,-3.21
2408,Rhonegletscher,B43-03,473,2024-09-06,15:02:00,2025-09-04,12:49:00,672679.97,159724.02,2234.39,362.91,0.6,-5.4,-3.66,-9.98,5.47,-3.68
2407,Rhonegletscher,B43-03,473,2024-09-06,14:31:00,2025-09-04,12:12:00,672656.36,160175.32,2310.02,362.91,7.92,-11.04,-1.6,-7.13,13.67,-1.61
2405,Rhonegletscher,B43-03,473,2024-09-06,13:16:00,2025-09-04,10:45:00,672519.05,161920.22,2577.96,362.9,-28.29,-37.2,-3.52,-3.36,47.04,-3.54
2404,Rhonegletscher,B43-03,473,2024-09-06,12:27:00,2025-09-04,10:02:00,673358.82,162758.73,2726.34,362.9,-30.27,-38.11,-2.68,-3.02,48.99,-2.69
2303,Rhonegletscher,B43-03,473,2024-09-06,11:07:00,2025-09-04,08:58:00,673106.36,164885.41,2908.47,362.91,8.91,-38.53,-3.97,,39.8,-3.99
2402,Rhonegletscher,B43-03,473,2024-09-06,10:21:00,2025-09-04,08:12:00,673544.04,165934.22,3108.7,362.91,-30.77,-38.23,-11.93,-0.02,49.39,-12.01
2401,Rhonegletscher,B43-03,473,2024-09-06,09:10:00,2025-09-04,07:20:00,673814.94,166614.91,3228.16,362.92,-4.46,-16.93,-3.73,0.05,17.62,-3.75
89121,Schwarzberggletscher,B52-24,395,1989-10-02,12:00:00,1990-09-28,12:00:00,637922.33,94774.18,3073.13,361.0,4.95,13.89,-6.71,,14.92,-6.79
89122,Schwarzberggletscher,B52-24,395,1989-10-02,12:00:00,1990-09-28,12:00:00,638321.74,96218.38,2886.97,361.0,10.92,22.27,-5.6,-2.18,25.1,-5.67
90122,Schwarzberggletscher,B52-24,395,1990-09-28,12:00:00,1991-10-03,12:00:00,638322.32,96218.0,2884.79,370.0,9.27,18.98,-5.09,-1.45,20.85,-5.02
91122,Schwarzberggletscher,B52-24,395,1991-10-03,12:00:00,1992-09-25,12:00:00,638318.47,96221.08,2883.34,358.0,8.6,17.25,-3.68,-0.75,19.66,-3.75
91123,Schwarzberggletscher,B52-24,395,1991-10-03,12:00:00,1992-09-25,12:00:00,638523.94,96731.62,2811.3,358.0,9.82,15.49,-3.99,-1.23,18.71,-4.07
92123,Schwarzberggletscher,B52-24,395,1992-09-25,12:00:00,1994-10-27,12:00:00,638530.95,96733.21,2810.07,762.0,19.95,31.27,-3.36,-1.08,17.78,-1.61
92122,Schwarzberggletscher,B52-24,395,1992-09-25,12:00:00,1994-10-27,12:00:00,638321.12,96219.03,2882.59,762.0,17.35,34.68,-3.16,-1.27,18.59,-1.51
94123,Schwarzberggletscher,B52-24,395,1994-10-27,12:00:00,1995-09-20,12:00:00,638534.15,96733.69,2808.98,328.0,8.24,12.41,-1.84,1.17,16.59,-2.05
94122,Schwarzberggletscher,B52-24,395,1994-10-27,12:00:00,1995-09-20,12:00:00,638320.21,96219.99,2881.33,328.0,7.06,13.82,-1.28,0.1,17.28,-1.43
92122,Schwarzberggletscher,B52-24,395,1994-10-27,12:00:00,1995-09-20,12:00:00,638338.47,96253.7,2876.32,328.0,6.77,13.6,-1.22,0.1,16.92,-1.36
95123,Schwarzberggletscher,B52-24,395,1995-09-20,12:00:00,1996-10-09,12:00:00,638523.43,96731.54,2810.16,385.0,8.99,13.74,-1.48,-0.29,15.58,-1.4
94123,Schwarzberggletscher,B52-24,395,1995-09-20,12:00:00,1996-10-09,12:00:00,638542.4,96746.1,2806.07,385.0,8.86,13.23,-1.09,-0.29,15.1,-1.03
95122,Schwarzberggletscher,B52-24,395,1995-09-20,12:00:00,1996-10-09,12:00:00,638318.25,96220.8,2881.43,385.0,7.83,15.66,-1.43,-0.52,16.61,-1.36
94122,Schwarzberggletscher,B52-24,395,1995-09-20,12:00:00,1996-10-09,12:00:00,638327.27,96233.82,2879.2,385.0,7.73,15.63,-0.47,-0.52,16.55,-0.45
96123,Schwarzberggletscher,B52-24,395,1996-10-09,12:00:00,1997-09-25,12:00:00,638523.22,96731.65,2809.87,351.0,8.27,12.76,-1.72,-0.95,15.82,-1.79
96122,Schwarzberggletscher,B52-24,395,1996-10-09,12:00:00,1997-09-25,12:00:00,638319.07,96220.46,2880.91,351.0,7.44,15.11,-1.34,-0.41,17.53,-1.4
96122,Schwarzberggletscher,B52-24,395,1997-09-25,12:00:00,1998-09-23,12:00:00,638326.51,96235.57,2877.72,363.0,4.75,15.49,-1.36,-2.22,16.31,-1.37
97123,Schwarzberggletscher,B52-24,395,1997-09-25,12:00:00,1998-09-23,12:00:00,638523.4,96730.99,2808.92,363.0,8.05,15.13,-1.76,-1.55,17.25,-1.77
98120,Schwarzberggletscher,B52-24,395,1998-09-23,12:00:00,1999-09-14,12:00:00,638321.29,96218.78,2878.27,356.0,6.08,12.93,-1.82,-4.41,14.66,-1.87
98123,Schwarzberggletscher,B52-24,395,1998-09-23,12:00:00,1999-09-14,12:00:00,638524.04,96729.77,2807.37,356.0,7.1,10.97,-2.05,-4.61,13.4,-2.11
00123,Schwarzberggletscher,B52-24,395,2001-09-13,12:00:00,2002-09-17,12:00:00,638532.94,96735.8,2801.47,369.0,-7.82,-6.39,-1.78,-1.13,9.99,-1.76
00120,Schwarzberggletscher,B52-24,395,2001-09-13,12:00:00,2002-09-17,12:00:00,638325.69,96228.02,2872.72,369.0,-6.01,-8.95,-1.4,-0.75,10.67,-1.38
03120,Schwarzberggletscher,B52-24,395,2003-09-17,12:00:00,2004-09-17,12:00:00,638319.75,96219.93,2871.15,366.0,5.1,10.81,-3.26,-1.3,11.93,-3.26
03123,Schwarzberggletscher,B52-24,395,2003-09-17,12:00:00,2004-09-17,12:00:00,638524.59,96729.84,2798.94,366.0,5.7,8.69,-3.77,-1.82,10.37,-3.76
04120,Schwarzberggletscher,B52-24,395,2004-09-17,12:00:00,2005-09-14,12:00:00,638320.8,96218.87,2869.85,362.0,5.67,10.08,-1.06,-2.43,11.67,-1.06
04123,Schwarzberggletscher,B52-24,395,2004-09-17,12:00:00,2005-09-14,12:00:00,638527.17,96729.67,2797.12,362.0,5.25,8.3,-0.67,-2.88,9.91,-0.68
05120,Schwarzberggletscher,B52-24,395,2005-09-14,12:00:00,2006-09-13,12:00:00,638322.31,96216.23,2867.42,364.0,3.25,9.88,-0.59,-2.65,10.44,-0.6
05123,Schwarzberggletscher,B52-24,395,2005-09-14,12:00:00,2006-09-13,12:00:00,638526.41,96731.69,2794.24,364.0,5.2,7.53,-0.94,-2.45,9.18,-0.95
06123,Schwarzberggletscher,B52-24,395,2006-09-13,12:00:00,2007-09-21,12:00:00,638523.7,96731.1,2791.78,373.0,5.44,6.69,-0.5,-2.54,8.44,-0.49
06120,Schwarzberggletscher,B52-24,395,2006-09-13,12:00:00,2007-09-21,12:00:00,638319.98,96220.02,2864.77,373.0,4.34,9.3,-0.2,-2.27,10.05,-0.2
07123,Schwarzberggletscher,B52-24,395,2007-09-21,12:00:00,2008-09-16,12:00:00,638524.26,96731.83,2789.25,361.0,4.42,6.34,-1.16,-1.41,7.82,-1.18
07120,Schwarzberggletscher,B52-24,395,2007-09-21,12:00:00,2008-09-16,12:00:00,638320.09,96224.01,2862.5,361.0,3.89,8.12,-0.07,-1.22,9.11,-0.07
08120,Schwarzberggletscher,B52-24,395,2008-09-16,12:00:00,2009-09-22,12:00:00,638318.42,96216.43,2861.28,371.0,3.75,8.08,-0.59,-1.6,8.77,-0.58
08123,Schwarzberggletscher,B52-24,395,2008-09-16,12:00:00,2009-09-22,12:00:00,638520.04,96726.37,2787.84,371.0,4.04,6.0,-0.51,-2.47,7.12,-0.5
09123,Schwarzberggletscher,B52-24,395,2009-09-22,12:00:00,2010-09-13,11:55:00,638521.79,96729.94,2785.37,356.0,4.01,5.57,-0.94,-2.38,7.04,-0.96
09120,Schwarzberggletscher,B52-24,395,2009-09-22,12:00:00,2010-09-13,11:15:00,638320.14,96218.83,2859.67,356.0,3.76,7.22,-0.62,-1.86,8.35,-0.64
10123,Schwarzberggletscher,B52-24,395,2010-09-13,11:59:00,2011-09-06,11:15:00,638520.0,96728.74,2782.99,358.0,4.27,5.03,-0.23,-3.3,6.73,-0.23
10120,Schwarzberggletscher,B52-24,395,2010-09-13,11:20:00,2011-09-06,10:35:00,638321.3,96218.31,2857.82,358.0,3.48,7.2,-0.12,-1.64,8.16,-0.12
10124,Schwarzberggletscher,B52-24,395,2010-09-13,10:40:00,2011-09-06,10:10:00,638062.06,95212.49,2984.7,358.0,1.2,7.38,0.58,-0.2,7.63,0.59
11124,Schwarzberggletscher,B52-24,395,2011-09-06,10:25:00,2012-10-05,09:30:00,638062.65,95207.52,2984.5,395.0,0.59,8.14,0.24,-2.72,7.55,0.22
11120,Schwarzberggletscher,B52-24,395,2011-09-06,11:00:00,2012-10-05,10:20:00,638320.88,96220.06,2856.17,395.0,3.25,7.88,-1.04,-2.87,7.88,-0.96
11123,Schwarzberggletscher,B52-24,395,2011-09-06,11:30:00,2012-10-05,10:50:00,638524.42,96730.42,2779.69,395.0,3.65,5.71,-1.36,-3.04,6.27,-1.26
12120,Schwarzberggletscher,B52-24,395,2012-10-05,10:25:00,2013-08-29,10:50:00,638320.25,96219.69,2853.3,328.0,2.72,5.28,-0.49,-0.78,6.61,-0.55
12123,Schwarzberggletscher,B52-24,395,2012-10-05,10:55:00,2013-08-29,11:05:00,638522.94,96730.86,2776.65,328.0,2.14,3.83,-0.11,-1.49,4.89,-0.12
12120,Schwarzberggletscher,B52-24,395,2013-08-29,10:50:00,2014-09-02,11:00:00,638322.97,96224.96,2851.7,369.0,2.89,6.09,-0.19,-0.89,6.67,-0.19
122A,Schwarzberggletscher,B52-24,395,2013-08-29,10:30:00,2014-09-02,10:30:00,638349.11,95329.48,2971.39,369.0,0.63,5.15,0.93,0.01,5.14,0.92
13124,Schwarzberggletscher,B52-24,395,2013-08-29,10:00:00,2014-09-02,10:12:00,638061.09,95211.21,2982.22,369.0,0.31,7.55,0.24,-0.46,7.48,0.24
12123,Schwarzberggletscher,B52-24,395,2013-08-29,11:05:00,2014-09-02,11:45:00,638525.08,96734.69,2774.75,369.0,3.81,4.04,-0.94,-2.47,5.5,-0.93
14123,Schwarzberggletscher,B52-24,395,2014-09-02,11:48:00,2015-09-21,10:55:00,638525.57,96730.87,2772.68,384.0,3.58,4.27,-0.5,-3.09,5.3,-0.48
14120,Schwarzberggletscher,B52-24,395,2014-09-02,11:03:00,2015-09-21,10:35:00,638320.64,96219.94,2851.63,384.0,3.18,6.18,-0.5,-2.38,6.61,-0.48
12124,Schwarzberggletscher,B52-24,395,2014-09-02,10:10:00,2015-09-21,09:32:00,638063.22,95225.47,2981.51,384.0,1.23,8.01,0.27,,7.71,0.26
15123,Schwarzberggletscher,B52-24,395,2015-09-21,10:50:00,2016-08-22,10:55:00,638524.32,96730.89,2769.59,336.0,2.68,3.18,0.43,-1.73,4.52,0.47
15124,Schwarzberggletscher,B52-24,395,2015-09-21,09:30:00,2016-08-22,09:05:00,638061.62,95212.15,2980.89,336.0,1.1,6.95,1.91,0.43,7.65,2.08
15120,Schwarzberggletscher,B52-24,395,2015-09-21,10:30:00,2016-08-22,10:15:00,638318.92,96220.7,2849.25,336.0,2.43,5.16,1.09,-0.68,6.2,1.18
16120,Schwarzberggletscher,B52-24,395,2016-08-22,10:20:00,2017-08-21,11:30:00,638320.51,96218.99,2848.57,364.0,3.24,5.24,0.43,-2.12,6.18,0.43
125,Schwarzberggletscher,B52-24,395,2016-08-22,09:30:00,2018-09-06,09:30:00,638026.17,95030.95,2994.51,745.0,-1.42,12.01,-2.59,,5.93,-1.27
17120,Schwarzberggletscher,B52-24,395,2017-08-21,11:29:00,2018-09-06,09:36:00,638320.89,96220.1,2846.32,380.9,2.53,5.25,-0.44,-2.59,5.59,-0.42
17124,Schwarzberggletscher,B52-24,395,2017-08-21,11:08:00,2018-09-06,08:36:00,638065.84,95201.85,2980.69,380.9,0.68,7.64,0.39,-1.38,7.36,0.37
17123,Schwarzberggletscher,B52-24,395,2017-08-21,11:42:00,2018-09-06,09:55:00,638525.61,96730.64,2764.69,380.9,2.71,3.19,-0.67,-3.61,4.01,-0.64
18124,Schwarzberggletscher,B52-24,395,2018-09-06,08:39:00,2019-08-30,08:53:00,638061.22,95211.93,2978.84,358.0,0.7,6.66,0.35,-0.71,6.83,0.36
18123,Schwarzberggletscher,B52-24,395,2018-09-06,09:57:00,2019-08-30,10:29:00,638523.89,96728.65,2761.51,358.0,2.35,2.9,-0.46,-2.74,3.81,-0.47
18120,Schwarzberggletscher,B52-24,395,2018-09-06,09:38:00,2019-08-30,10:00:00,638319.17,96220.34,2843.85,358.0,2.39,5.04,-0.01,-2.0,5.69,-0.01
125,Schwarzberggletscher,B52-24,395,2018-09-06,08:52:00,2019-08-30,08:52:00,638024.75,95042.96,2991.92,358.0,-1.1,3.99,-1.8,,4.22,-1.84
19120,Schwarzberggletscher,B52-24,395,2019-08-30,10:02:00,2020-09-04,10:22:00,638319.15,96219.39,2842.17,371.0,2.38,4.91,-0.17,-1.66,5.37,-0.17
125,Schwarzberggletscher,B52-24,395,2019-08-30,09:15:00,2020-09-04,09:15:00,638023.65,95046.94,2990.12,371.0,0.44,6.52,-0.48,,6.43,-0.47
18124,Schwarzberggletscher,B52-24,395,2019-08-30,08:53:00,2020-09-04,09:25:00,638061.92,95218.6,2977.69,371.0,0.52,7.06,0.39,,6.97,0.38
19124,Schwarzberggletscher,B52-24,395,2019-08-30,08:58:00,2020-09-04,09:24:00,638061.0,95211.34,2978.15,371.0,0.57,7.12,0.43,-0.21,7.03,0.42
19123,Schwarzberggletscher,B52-24,395,2019-08-30,10:32:00,2020-09-04,10:45:00,638524.72,96726.24,2759.15,371.0,2.27,2.71,-0.42,-2.99,3.48,-0.41
20124,Schwarzberggletscher,B52-24,395,2020-09-04,09:31:00,2021-09-02,08:39:00,638061.65,95211.19,2977.76,363.0,0.5,6.87,0.31,-1.33,6.93,0.31
20123,Schwarzberggletscher,B52-24,395,2020-09-04,10:46:00,2021-09-02,09:53:00,638525.32,96728.23,2755.65,363.0,1.89,2.28,-0.33,-2.98,2.98,-0.33
20120,Schwarzberggletscher,B52-24,395,2020-09-04,10:23:00,2021-09-02,09:31:00,638318.95,96219.67,2840.48,363.0,2.23,4.59,-0.06,-1.73,5.13,-0.06
125,Schwarzberggletscher,B52-24,395,2020-09-04,09:43:00,2021-09-02,09:43:00,638024.09,95053.46,2989.65,363.0,0.17,5.67,-0.93,,5.71,-0.94
19124,Schwarzberggletscher,B52-24,395,2020-09-04,09:24:00,2021-09-02,08:38:00,638061.57,95218.45,2977.3,363.0,0.65,6.8,0.28,,6.87,0.28
21123,Schwarzberggletscher,B52-24,395,2021-09-02,09:55:00,2022-09-06,10:25:00,638523.74,96731.05,2752.57,369.0,3.09,3.18,-0.41,-5.93,4.39,-0.41
21120,Schwarzberggletscher,B52-24,395,2021-09-02,09:33:00,2022-09-06,09:55:00,638319.23,96220.03,2838.6,369.0,3.24,6.14,-2.24,-5.58,6.87,-2.22
125,Schwarzberggletscher,B52-24,395,2021-09-02,08:55:00,2022-09-06,08:59:00,638024.27,95059.13,2988.72,369.0,7.1,4.04,-4.76,,8.09,-4.71
21124,Schwarzberggletscher,B52-24,395,2021-09-02,08:41:00,2022-09-06,08:40:00,638063.89,95212.51,2976.58,369.0,-0.08,8.54,0.34,-4.36,8.45,0.34
22124,Schwarzberggletscher,B52-24,395,2022-09-06,08:37:00,2023-09-05,08:52:00,638061.24,95214.04,2972.34,364.01,0.18,5.41,0.29,-2.4,5.43,0.29
22123,Schwarzberggletscher,B52-24,395,2022-09-06,10:20:00,2023-09-05,10:23:00,638523.37,96730.08,2746.88,364.0,1.01,1.13,-0.18,-4.57,1.52,-0.18
22120,Schwarzberggletscher,B52-24,395,2022-09-06,09:58:00,2023-09-05,09:58:00,638318.55,96220.59,2833.4,364.0,1.75,3.18,-0.38,-3.85,3.64,-0.39
125,Schwarzberggletscher,B52-24,395,2022-09-06,08:59:00,2023-09-05,09:18:00,638031.37,95063.16,2983.96,364.01,2.88,9.4,-2.99,,9.87,-3.0
23120,Schwarzberggletscher,B52-24,395,2023-09-05,10:02:00,2024-08-30,10:46:00,638321.1,96217.93,2829.67,360.03,1.4,2.73,-0.13,-2.48,3.11,-0.13
23123,Schwarzberggletscher,B52-24,395,2023-09-05,10:22:00,2024-08-30,11:15:00,638520.76,96728.12,2743.32,360.04,0.91,1.07,-0.49,-3.32,1.43,-0.5
23124,Schwarzberggletscher,B52-24,395,2023-09-05,09:00:00,2024-08-30,09:40:00,638062.03,95211.82,2969.64,360.03,0.36,4.71,0.19,-1.6,4.8,0.19
125,Schwarzberggletscher,B52-24,395,2023-09-05,09:18:00,2024-08-30,10:02:00,638034.25,95072.57,2980.97,360.03,0.31,1.09,-1.46,,1.15,-1.48
125A,Schwarzberggletscher,B52-24,395,2024-08-30,10:02:00,2025-09-03,08:49:00,638034.55,95073.66,2979.51,368.95,2.72,4.58,-2.35,,5.28,-2.33
125B2,Schwarzberggletscher,B52-24,395,2024-08-30,10:05:00,2025-09-03,08:50:00,638033.1,95070.91,2978.48,368.95,1.97,4.91,-1.85,,5.23,-1.84
125B3,Schwarzberggletscher,B52-24,395,2024-08-30,10:03:00,2025-09-03,08:50:00,638034.8,95076.52,2979.56,368.95,2.34,6.87,-3.06,,7.18,-3.03
24120,Schwarzberggletscher,B52-24,395,2024-08-30,10:47:00,2025-09-03,09:28:00,638319.6,96217.71,2827.15,368.95,1.4,2.61,-0.08,-2.92,2.94,-0.08
24123,Schwarzberggletscher,B52-24,395,2024-08-30,11:18:00,2025-09-03,09:52:00,638525.25,96729.05,2738.76,368.94,0.69,0.67,-0.64,-5.0,0.95,-0.63
23124,Schwarzberggletscher,B52-24,395,2024-08-30,09:40:00,2025-09-03,08:40:00,638062.39,95216.53,2967.82,368.96,0.15,4.46,0.21,-1.74,4.42,0.21
89100,Allalingletscher,B52-29,394,1989-10-02,12:00:00,1990-09-27,12:00:00,636353.68,98711.05,3236.58,360.0,27.63,22.19,0.68,-1.81,35.96,0.69
89101,Allalingletscher,B52-29,394,1989-10-02,12:00:00,1990-09-27,12:00:00,638399.79,99358.74,2857.9,360.0,46.08,3.71,-1.0,-2.05,46.9,-1.01
89102,Allalingletscher,B52-29,394,1989-10-02,12:00:00,1990-09-27,12:00:00,638354.06,99482.34,2860.56,360.0,55.72,-1.57,-3.26,-1.78,56.55,-3.31
89103,Allalingletscher,B52-29,394,1989-10-02,12:00:00,1990-09-27,12:00:00,638322.56,99573.41,2862.5,360.0,56.18,-7.24,-4.7,-2.58,57.47,-4.77
89104,Allalingletscher,B52-29,394,1989-10-02,12:00:00,1990-09-27,12:00:00,638291.87,99665.13,2874.82,360.0,56.76,-9.69,-6.09,-3.39,58.42,-6.17
89105,Allalingletscher,B52-29,394,1989-10-02,12:00:00,1990-09-27,12:00:00,638259.37,99756.86,2894.46,360.0,54.4,-15.19,-3.44,-2.58,57.3,-3.49
90106,Allalingletscher,B52-29,394,1990-09-27,12:00:00,1997-09-23,12:00:00,637095.24,97809.66,3372.7,2553.0,0.67,33.64,-4.14,1.66,4.81,-0.59
90105,Allalingletscher,B52-29,394,1990-09-27,12:00:00,1991-10-02,12:00:00,638259.87,99757.23,2891.88,370.0,49.06,-13.72,-3.45,-2.39,50.29,-3.4
90100,Allalingletscher,B52-29,394,1990-09-27,12:00:00,1991-10-03,12:00:00,636353.38,98706.14,3234.77,371.0,29.05,27.21,0.34,0.15,39.18,0.33
90101,Allalingletscher,B52-29,394,1990-09-27,12:00:00,1991-10-02,12:00:00,638399.7,99359.91,2855.85,370.0,41.55,3.5,-1.04,-2.5,41.16,-1.02
90102,Allalingletscher,B52-29,394,1990-09-27,12:00:00,1991-10-02,12:00:00,638353.9,99482.27,2858.78,370.0,50.33,-1.3,-3.23,-2.52,49.7,-3.18
90103,Allalingletscher,B52-29,394,1990-09-27,12:00:00,1991-10-02,12:00:00,638323.06,99573.93,2859.92,370.0,50.82,-6.35,-4.47,-1.84,50.56,-4.41
90104,Allalingletscher,B52-29,394,1990-09-27,12:00:00,1991-10-02,12:00:00,638291.59,99665.74,2871.43,370.0,51.3,-9.52,-5.4,-1.59,51.51,-5.33
91103,Allalingletscher,B52-29,394,1991-10-02,12:00:00,1992-09-30,12:00:00,638322.91,99573.87,2858.08,364.0,46.54,-6.08,-3.12,-0.88,47.1,-3.13
91101,Allalingletscher,B52-29,394,1991-10-02,12:00:00,1992-09-30,12:00:00,638401.32,99358.98,2853.35,364.0,37.93,3.02,0.93,0.45,38.18,0.93
91102,Allalingletscher,B52-29,394,1991-10-02,12:00:00,1992-09-30,12:00:00,638353.78,99482.53,2856.26,364.0,46.05,-1.61,-1.22,-0.41,46.23,-1.23
91104,Allalingletscher,B52-29,394,1991-10-02,12:00:00,1992-09-30,12:00:00,638290.85,99665.73,2869.84,364.0,46.94,-9.38,-4.81,-0.25,48.03,-4.83
91105,Allalingletscher,B52-29,394,1991-10-02,12:00:00,1992-09-30,12:00:00,638259.95,99756.93,2889.49,364.0,44.74,-14.1,-2.39,-1.35,47.07,-2.4
91100,Allalingletscher,B52-29,394,1991-10-03,12:00:00,1992-09-30,12:00:00,636362.82,98704.38,3233.6,363.0,26.7,25.53,0.54,0.15,37.17,0.55
91106,Allalingletscher,B52-29,394,1991-10-03,12:00:00,1992-09-30,12:00:00,637361.9,97938.15,3326.5,363.0,0.12,2.2,-1.21,0.24,2.21,-1.22
92101,Allalingletscher,B52-29,394,1992-09-30,12:00:00,1994-10-25,12:00:00,638398.91,99359.47,2853.8,755.0,75.75,7.6,-6.0,-1.46,36.83,-2.9
92102,Allalingletscher,B52-29,394,1992-09-30,12:00:00,1994-10-25,12:00:00,638354.2,99482.32,2855.85,755.0,95.43,-2.03,-9.41,-1.13,46.17,-4.55
91100,Allalingletscher,B52-29,394,1992-09-30,12:00:00,1995-10-09,12:00:00,636389.53,98729.91,3233.66,1104.0,85.0,86.62,3.42,0.45,40.15,1.13
92100,Allalingletscher,B52-29,394,1992-09-30,12:00:00,1995-10-09,12:00:00,636339.8,98708.36,3234.26,1104.0,84.91,81.26,1.93,0.45,38.88,0.64
94101,Allalingletscher,B52-29,394,1994-10-25,12:00:00,1995-10-11,12:00:00,638399.27,99359.32,2852.35,351.0,34.44,2.46,0.15,0.26,35.93,0.16
94102,Allalingletscher,B52-29,394,1994-10-25,12:00:00,1995-10-11,12:00:00,638353.81,99482.43,2854.72,351.0,41.96,-1.91,-1.82,0.58,43.71,-1.9
94103,Allalingletscher,B52-29,394,1994-10-25,12:00:00,1995-10-11,12:00:00,638322.38,99574.17,2855.44,351.0,42.62,-5.91,-3.07,1.34,44.78,-3.19
94105,Allalingletscher,B52-29,394,1994-10-25,12:00:00,1995-10-11,12:00:00,638259.66,99756.98,2888.35,351.0,41.67,-12.33,-2.34,0.79,45.22,-2.43
94104,Allalingletscher,B52-29,394,1994-10-25,12:00:00,1995-10-11,12:00:00,638291.66,99666.07,2868.92,351.0,43.29,-8.75,-4.12,1.04,45.96,-4.29
95104,Allalingletscher,B52-29,394,1995-10-11,12:00:00,1996-10-11,12:00:00,638290.72,99665.69,2869.96,366.0,46.78,-9.38,-4.55,-0.68,47.62,-4.54
94101,Allalingletscher,B52-29,394,1995-10-11,12:00:00,1996-10-11,12:00:00,638433.71,99361.78,2850.97,366.0,38.33,3.18,0.45,0.26,38.38,0.45
94102,Allalingletscher,B52-29,394,1995-10-11,12:00:00,1996-10-11,12:00:00,638395.77,99480.52,2851.97,366.0,45.57,-0.44,-1.93,0.58,45.48,-1.93
95105,Allalingletscher,B52-29,394,1995-10-11,12:00:00,1996-10-11,12:00:00,638258.71,99757.89,2889.14,366.0,45.07,-13.19,-2.18,-0.37,46.87,-2.17
96101,Allalingletscher,B52-29,394,1996-10-11,12:00:00,1997-09-24,12:00:00,638393.94,99360.5,2853.32,348.0,34.57,2.32,-0.55,-1.18,36.36,-0.58
96102,Allalingletscher,B52-29,394,1996-10-11,12:00:00,1997-09-24,12:00:00,638354.61,99482.35,2855.48,348.0,43.17,-1.93,-1.32,-0.7,45.35,-1.38
96103,Allalingletscher,B52-29,394,1996-10-11,12:00:00,1997-09-24,12:00:00,638323.66,99573.76,2856.66,348.0,44.17,-6.34,-3.56,-0.69,46.84,-3.74
96104,Allalingletscher,B52-29,394,1996-10-11,12:00:00,1997-09-24,12:00:00,638290.71,99665.91,2869.28,348.0,45.13,-9.18,-4.42,-0.85,48.34,-4.64
96105,Allalingletscher,B52-29,394,1996-10-11,12:00:00,1997-09-24,12:00:00,638259.23,99758.19,2888.76,348.0,43.85,-12.9,-2.08,-0.2,47.97,-2.18
97106,Allalingletscher,B52-29,394,1997-09-23,12:00:00,1998-09-24,12:00:00,637095.25,97809.98,3374.36,366.0,-0.05,4.76,-1.21,-1.02,4.75,-1.2
97105,Allalingletscher,B52-29,394,1997-09-24,12:00:00,1998-09-23,12:00:00,638260.11,99755.97,2888.57,364.0,39.06,-11.96,-2.88,-2.12,40.99,-2.88
97101,Allalingletscher,B52-29,394,1997-09-24,12:00:00,1998-09-23,12:00:00,638399.19,99359.64,2852.14,364.0,33.5,1.74,-0.33,-2.2,33.66,-0.33
97102,Allalingletscher,B52-29,394,1997-09-24,12:00:00,1998-09-23,12:00:00,638354.1,99482.22,2854.78,364.0,40.37,-2.18,-2.07,-1.98,40.57,-2.08
97103,Allalingletscher,B52-29,394,1997-09-24,12:00:00,1998-09-23,12:00:00,638322.48,99575.31,2855.97,364.0,41.16,-6.27,-2.93,-2.45,41.78,-2.94
97104,Allalingletscher,B52-29,394,1997-09-24,12:00:00,1998-09-23,12:00:00,638290.67,99665.28,2868.44,364.0,41.45,-8.47,-4.25,-1.78,42.46,-4.27
98104,Allalingletscher,B52-29,394,1998-09-23,12:00:00,1999-09-14,12:00:00,638288.78,99666.45,2866.66,356.0,38.83,-8.36,-4.21,-3.89,40.75,-4.32
98105,Allalingletscher,B52-29,394,1998-09-23,12:00:00,1999-09-14,12:00:00,638258.49,99757.65,2886.44,356.0,37.48,-11.57,-2.61,-3.76,40.25,-2.68
98101,Allalingletscher,B52-29,394,1998-09-23,12:00:00,1999-09-14,12:00:00,638398.8,99358.88,2849.93,356.0,30.0,1.12,-0.73,-1.34,30.8,-0.74
98102,Allalingletscher,B52-29,394,1998-09-23,12:00:00,1999-09-14,12:00:00,638353.46,99483.14,2852.8,356.0,36.62,-2.13,-2.58,-2.45,37.63,-2.64
98103,Allalingletscher,B52-29,394,1998-09-23,12:00:00,1999-09-14,12:00:00,638323.1,99574.29,2853.52,356.0,37.79,-5.45,-3.58,-3.84,39.18,-3.67
97106,Allalingletscher,B52-29,394,1998-09-24,12:00:00,1999-09-15,12:00:00,637095.19,97814.74,3371.9,356.0,-0.4,4.16,-2.91,-0.99,4.29,-2.99
99104,Allalingletscher,B52-29,394,1999-09-14,12:00:00,2000-09-12,12:00:00,638289.62,99665.57,2862.76,364.0,37.64,-8.05,-2.59,-0.54,38.62,-2.6
99103,Allalingletscher,B52-29,394,1999-09-14,12:00:00,2000-09-12,12:00:00,638324.95,99574.98,2849.68,364.0,37.15,-5.73,-2.05,-1.03,37.72,-2.06
99105,Allalingletscher,B52-29,394,1999-09-14,12:00:00,2000-09-12,12:00:00,638259.9,99755.15,2882.69,364.0,37.09,-8.04,-1.04,-1.73,38.08,-1.04
99101,Allalingletscher,B52-29,394,1999-09-14,12:00:00,2000-09-12,12:00:00,638399.98,99359.97,2848.59,364.0,29.86,1.2,-1.26,-2.65,29.99,-1.27
99102,Allalingletscher,B52-29,394,1999-09-14,12:00:00,2000-09-12,12:00:00,638350.07,99479.28,2850.36,364.0,35.98,-2.09,-1.02,-0.7,36.16,-1.03
97106,Allalingletscher,B52-29,394,1999-09-15,12:00:00,2000-09-13,12:00:00,637094.8,97818.9,3369.2,364.0,0.09,3.51,-2.0,-1.02,3.53,-2.01
99100,Allalingletscher,B52-29,394,1999-09-15,12:00:00,2000-09-13,12:00:00,636359.94,98709.98,3228.16,364.0,26.78,25.65,2.09,,37.21,2.09
101,Allalingletscher,B52-29,394,2000-09-12,12:00:00,2001-09-13,12:00:00,638400.79,99360.26,2845.95,366.0,30.64,1.07,-0.17,2.16,30.59,-0.17
102,Allalingletscher,B52-29,394,2000-09-12,12:00:00,2001-09-13,12:00:00,638349.76,99479.9,2849.65,366.0,36.68,-2.23,-1.96,1.45,36.67,-1.96
103,Allalingletscher,B52-29,394,2000-09-12,12:00:00,2001-09-13,12:00:00,638325.73,99575.71,2848.65,366.0,37.49,-5.75,-2.86,2.59,37.85,-2.85
104,Allalingletscher,B52-29,394,2000-09-12,12:00:00,2001-09-13,12:00:00,638290.19,99664.86,2862.23,366.0,38.5,-8.15,-3.48,1.72,39.27,-3.48
105,Allalingletscher,B52-29,394,2000-09-12,12:00:00,2001-09-13,12:00:00,638272.85,99750.38,2880.96,366.0,37.59,-10.8,-2.66,2.91,39.03,-2.66
99100,Allalingletscher,B52-29,394,2000-09-13,12:00:00,2002-09-16,12:00:00,636386.72,98735.63,3228.8,733.0,52.14,51.9,0.95,,36.66,0.47
1104,Allalingletscher,B52-29,394,2001-09-13,12:00:00,2002-09-17,12:00:00,638290.44,99664.73,2863.95,369.0,36.72,-7.76,-3.44,-0.96,37.15,-3.4
1105,Allalingletscher,B52-29,394,2001-09-13,12:00:00,2002-09-17,12:00:00,638260.66,99754.32,2883.86,369.0,35.51,-10.8,-2.21,-0.17,36.74,-2.19
1101,Allalingletscher,B52-29,394,2001-09-13,12:00:00,2002-09-17,12:00:00,638399.57,99359.65,2848.1,369.0,29.78,1.55,-0.29,-0.68,29.51,-0.29
1102,Allalingletscher,B52-29,394,2001-09-13,12:00:00,2002-09-17,12:00:00,638350.09,99480.17,2851.1,369.0,35.13,-1.74,-2.07,-0.24,34.81,-2.05
1103,Allalingletscher,B52-29,394,2001-09-13,12:00:00,2002-09-17,12:00:00,638324.81,99574.79,2851.24,369.0,36.13,-5.39,-2.97,-0.35,36.16,-2.94
2106,Allalingletscher,B52-29,394,2002-09-16,12:00:00,2003-09-18,12:00:00,637055.46,97820.41,3369.21,367.0,-0.15,5.87,0.11,-1.03,5.84,0.11
2101,Allalingletscher,B52-29,394,2002-09-17,12:00:00,2003-09-17,12:00:00,638402.04,99360.19,2847.43,365.0,29.61,1.67,-0.38,-2.09,29.68,-0.38
2102,Allalingletscher,B52-29,394,2002-09-17,12:00:00,2003-09-17,12:00:00,638348.66,99479.54,2850.86,365.0,35.07,-2.17,-1.65,-2.45,35.16,-1.65
2103,Allalingletscher,B52-29,394,2002-09-17,12:00:00,2003-09-17,12:00:00,638325.1,99572.91,2850.89,365.0,35.81,1.83,-2.33,-2.58,35.89,-2.33
2104,Allalingletscher,B52-29,394,2002-09-17,12:00:00,2003-09-17,12:00:00,638290.84,99665.28,2862.99,365.0,36.95,-7.65,-1.71,-2.12,37.76,-1.72
2105,Allalingletscher,B52-29,394,2002-09-17,12:00:00,2003-09-17,12:00:00,638257.18,99753.44,2883.69,365.0,35.84,-10.43,-1.23,-2.69,37.35,-1.23
3102,Allalingletscher,B52-29,394,2003-09-17,12:00:00,2004-09-17,12:00:00,638349.72,99479.62,2848.41,366.0,30.25,-1.97,-4.04,-1.31,30.25,-4.04
3103,Allalingletscher,B52-29,394,2003-09-17,12:00:00,2004-09-17,12:00:00,638324.84,99575.45,2848.31,366.0,30.98,-4.96,-5.19,-1.6,31.31,-5.18
3105,Allalingletscher,B52-29,394,2003-09-17,12:00:00,2004-09-17,12:00:00,638260.0,99755.0,2881.0,366.0,29.77,-9.14,-5.03,-1.58,31.07,-5.02
3101,Allalingletscher,B52-29,394,2003-09-17,12:00:00,2004-09-17,12:00:00,638399.71,99360.18,2845.34,366.0,25.19,0.66,-2.88,-1.06,25.14,-2.87
3104,Allalingletscher,B52-29,394,2003-09-17,12:00:00,2004-09-17,12:00:00,638290.02,99664.99,2860.87,366.0,31.22,-6.97,-6.02,-1.45,31.92,-6.01
3106,Allalingletscher,B52-29,394,2003-09-18,12:00:00,2005-09-15,12:00:00,637094.6,97825.39,3368.25,728.0,-0.18,6.74,-0.4,,3.38,-0.2
4104,Allalingletscher,B52-29,394,2004-09-17,12:00:00,2005-09-14,12:00:00,638290.68,99664.97,2859.42,362.0,28.25,-6.47,-2.24,-2.16,29.24,-2.26
4105,Allalingletscher,B52-29,394,2004-09-17,12:00:00,2005-09-14,12:00:00,638260.16,99754.43,2879.42,362.0,27.94,-8.4,-1.38,-2.46,29.43,-1.4
4102,Allalingletscher,B52-29,394,2004-09-17,12:00:00,2005-09-14,12:00:00,638351.73,99479.47,2847.1,362.0,28.2,8.07,-1.11,-2.56,29.59,-1.12
4101,Allalingletscher,B52-29,394,2004-09-17,12:00:00,2005-09-14,12:00:00,638402.86,99361.01,2844.28,362.0,27.51,0.2,0.19,-1.93,27.75,0.19
5102,Allalingletscher,B52-29,394,2005-09-14,12:00:00,2006-09-13,12:00:00,638353.81,99478.94,2844.55,364.0,24.34,-1.61,-1.19,-2.4,24.47,-1.2
5101,Allalingletscher,B52-29,394,2005-09-14,12:00:00,2006-09-13,12:00:00,638400.18,99360.35,2842.35,364.0,20.63,0.35,-0.08,-2.37,20.71,-0.08
5105,Allalingletscher,B52-29,394,2005-09-14,12:00:00,2006-09-13,12:00:00,638259.74,99754.61,2876.96,364.0,24.76,-7.72,-1.19,-2.44,26.03,-1.19
5104,Allalingletscher,B52-29,394,2005-09-14,12:00:00,2006-09-13,12:00:00,638288.62,99665.89,2857.26,364.0,25.23,-6.16,-1.95,-3.1,26.06,-1.95
5103,Allalingletscher,B52-29,394,2005-09-14,12:00:00,2006-09-13,12:00:00,638323.45,99572.17,2844.86,364.0,25.08,-4.07,-0.93,-2.64,25.5,-0.93
5106,Allalingletscher,B52-29,394,2005-09-15,12:00:00,2007-09-21,12:00:00,637094.9,97817.96,3369.79,736.0,0.21,6.38,-1.74,-1.71,3.17,-0.86
6102,Allalingletscher,B52-29,394,2006-09-13,12:00:00,2007-09-21,12:00:00,638351.69,99480.14,2842.15,373.0,23.17,-1.78,-0.86,-2.01,22.76,-0.84
6101,Allalingletscher,B52-29,394,2006-09-13,12:00:00,2007-09-21,12:00:00,638402.13,99361.49,2839.98,373.0,19.9,0.33,-0.45,-1.83,19.49,-0.44
6105,Allalingletscher,B52-29,394,2006-09-13,12:00:00,2007-09-21,12:00:00,638258.44,99756.43,2874.52,373.0,23.62,-7.49,-1.11,-2.1,24.26,-1.09
6104,Allalingletscher,B52-29,394,2006-09-13,12:00:00,2007-09-21,12:00:00,638291.0,99664.07,2854.15,373.0,23.81,-5.81,-1.71,-1.75,24.0,-1.68
6103,Allalingletscher,B52-29,394,2006-09-13,12:00:00,2007-09-21,12:00:00,638324.68,99576.88,2842.22,373.0,23.61,-4.1,-1.79,-2.52,23.47,-1.75
7103,Allalingletscher,B52-29,394,2007-09-21,12:00:00,2008-09-16,12:00:00,638325.52,99575.28,2839.7,361.0,20.96,-4.06,-1.53,-2.21,21.6,-1.54
7104,Allalingletscher,B52-29,394,2007-09-21,12:00:00,2008-09-16,12:00:00,638290.32,99665.33,2852.4,361.0,21.33,-5.45,-1.34,-2.07,22.27,-1.35
7102,Allalingletscher,B52-29,394,2007-09-21,12:00:00,2008-09-16,12:00:00,638349.07,99481.03,2840.14,361.0,20.53,-2.69,-0.83,-2.57,20.94,-0.84
7101,Allalingletscher,B52-29,394,2007-09-21,12:00:00,2008-09-16,12:00:00,638400.0,99362.16,2838.15,361.0,17.97,-0.1,0.25,-2.45,18.18,0.25
7100,Allalingletscher,B52-29,394,2007-09-21,12:00:00,2008-09-16,12:00:00,636510.91,98842.84,3224.03,361.0,23.13,27.35,-0.77,0.0,36.24,-0.78
7106,Allalingletscher,B52-29,394,2007-09-21,12:00:00,2008-09-16,12:00:00,637092.27,97813.05,3368.08,361.0,-0.42,3.6,-0.34,,3.67,-0.35
7105,Allalingletscher,B52-29,394,2007-09-21,12:00:00,2008-09-16,12:00:00,638258.29,99754.3,2872.42,361.0,20.89,-6.96,-0.97,-1.99,22.28,-0.99
8101,Allalingletscher,B52-29,394,2008-09-16,12:00:00,2009-09-22,12:00:00,638404.88,99360.45,2835.7,371.0,17.59,0.42,-0.33,0.29,17.32,-0.33
7106,Allalingletscher,B52-29,394,2008-09-16,12:00:00,2009-09-22,12:00:00,637091.85,97816.65,3366.88,371.0,-0.26,3.93,-0.6,,3.88,-0.59
8105,Allalingletscher,B52-29,394,2008-09-16,12:00:00,2009-09-22,12:00:00,638258.94,99753.98,2870.43,371.0,21.35,-6.88,-1.9,-1.02,22.09,-1.87
8104,Allalingletscher,B52-29,394,2008-09-16,12:00:00,2009-09-22,12:00:00,638290.67,99665.56,2850.33,371.0,21.19,-5.38,-1.03,-1.19,21.52,-1.02
8103,Allalingletscher,B52-29,394,2008-09-16,12:00:00,2009-09-22,12:00:00,638325.21,99573.96,2837.49,371.0,20.87,-3.92,-1.45,-1.3,20.91,-1.42
8102,Allalingletscher,B52-29,394,2008-09-16,12:00:00,2009-09-22,12:00:00,638350.91,99478.89,2837.57,371.0,20.22,-1.56,-0.76,-0.7,19.97,-0.74
8100,Allalingletscher,B52-29,394,2008-09-16,12:00:00,2009-09-22,12:00:00,636535.46,98822.67,3224.03,371.0,24.67,28.71,-0.35,-0.15,37.27,-0.34
9106,Allalingletscher,B52-29,394,2009-09-22,12:00:00,2010-09-13,07:30:00,637094.05,97810.57,3369.34,356.0,-0.16,3.43,-0.73,-0.41,3.52,-0.75
8102,Allalingletscher,B52-29,394,2009-09-22,12:00:00,2010-09-13,12:10:00,638371.13,99477.33,2835.02,356.0,17.81,-0.92,-0.77,-1.83,18.3,-0.79
9103,Allalingletscher,B52-29,394,2009-09-22,12:00:00,2010-09-13,11:45:00,638324.43,99571.83,2836.19,356.0,18.91,-2.66,-1.12,-1.82,19.59,-1.15
9101,Allalingletscher,B52-29,394,2009-09-22,12:00:00,2010-09-13,12:30:00,638401.11,99360.49,2835.99,356.0,15.32,0.0,-0.09,-1.96,15.72,-0.09
9104,Allalingletscher,B52-29,394,2009-09-22,12:00:00,2010-09-13,11:10:00,638290.13,99664.03,2849.14,356.0,18.48,-4.77,-0.98,-1.0,19.58,-1.01
9105,Allalingletscher,B52-29,394,2009-09-22,12:00:00,2010-09-13,10:35:00,638260.34,99755.14,2869.42,356.0,19.12,-5.14,-0.88,-1.53,20.32,-0.9
8100,Allalingletscher,B52-29,394,2009-09-22,12:00:00,2010-09-13,09:30:00,636560.14,98851.38,3222.92,356.0,23.81,28.64,-1.27,-1.27,38.22,-1.3
10105,Allalingletscher,B52-29,394,2010-09-13,10:45:00,2011-09-06,12:00:00,638259.27,99754.72,2867.89,358.0,18.13,-5.76,-0.05,-1.69,19.4,-0.05
10100,Allalingletscher,B52-29,394,2010-09-13,09:35:00,2011-09-06,07:55:00,636549.82,98833.59,3222.14,358.0,23.4,27.6,-0.47,1.72,36.93,-0.48
10101,Allalingletscher,B52-29,394,2010-09-13,12:35:00,2011-09-06,13:10:00,638400.61,99359.53,2834.02,358.0,14.56,0.05,0.47,-1.94,14.85,0.48
10102,Allalingletscher,B52-29,394,2010-09-13,12:15:00,2011-09-06,12:30:00,638352.14,99477.07,2835.03,358.0,16.75,-1.64,-1.25,-1.23,17.17,-1.28
10103,Allalingletscher,B52-29,394,2010-09-13,11:50:00,2011-09-06,11:50:00,638309.15,99578.68,2836.25,358.0,17.7,-3.69,-0.64,,18.45,-0.65
10104,Allalingletscher,B52-29,394,2010-09-13,11:25:00,2011-09-06,10:50:00,638290.76,99665.76,2848.14,358.0,17.97,-4.71,-0.63,-1.5,18.95,-0.64
9106,Allalingletscher,B52-29,394,2010-09-13,07:30:00,2011-09-06,06:45:00,637093.88,97814.0,3368.22,358.0,0.4,3.37,0.18,0.93,3.46,0.18
11100,Allalingletscher,B52-29,394,2011-09-06,08:15:00,2012-10-05,08:45:00,636525.43,98808.99,3223.17,395.0,23.67,26.9,-0.34,-2.21,33.13,-0.31
9106,Allalingletscher,B52-29,394,2011-09-06,06:45:00,2012-10-05,08:00:00,637094.28,97817.37,3368.31,395.0,-0.15,3.43,-0.8,-1.94,3.17,-0.74
11101,Allalingletscher,B52-29,394,2011-09-06,13:40:00,2012-10-05,12:30:00,638400.18,99361.63,2832.08,395.0,14.65,-0.12,0.25,-3.16,13.55,0.23
11105,Allalingletscher,B52-29,394,2011-09-06,10:40:00,2012-10-05,10:15:00,638259.97,99754.99,2866.2,395.0,19.88,-6.12,-1.04,-3.48,19.23,-0.96
11103,Allalingletscher,B52-29,394,2011-09-06,12:20:00,2012-10-05,10:40:00,638323.79,99572.27,2832.74,395.0,17.67,-3.3,-1.16,-3.12,16.63,-1.07
11104,Allalingletscher,B52-29,394,2011-09-06,11:40:00,2012-10-05,09:25:00,638289.99,99663.53,2846.63,395.0,18.25,-4.67,-1.1,-2.99,17.42,-1.02
12101,Allalingletscher,B52-29,394,2012-10-05,12:40:00,2013-08-29,12:10:00,638401.14,99360.6,2828.93,328.0,11.35,-0.04,0.47,-0.43,12.64,0.52
12106,Allalingletscher,B52-29,394,2012-10-05,08:05:00,2013-08-29,08:20:00,637088.46,97813.13,3367.93,328.0,-0.22,3.23,-0.87,0.68,3.61,-0.97
12105,Allalingletscher,B52-29,394,2012-10-05,10:30:00,2013-08-29,10:05:00,638260.82,99754.93,2862.72,328.0,14.69,-5.07,-0.4,0.33,17.31,-0.45
12104,Allalingletscher,B52-29,394,2012-10-05,09:40:00,2013-08-29,10:25:00,638291.91,99665.01,2843.64,328.0,13.77,-3.92,-0.73,-0.2,15.94,-0.81
13102,Allalingletscher,B52-29,394,2013-08-29,11:40:00,2014-09-02,11:25:00,638352.58,99480.81,2831.01,369.0,14.2,-1.17,-0.58,-0.85,14.1,-0.57
13101,Allalingletscher,B52-29,394,2013-08-29,12:30:00,2014-09-02,12:15:00,638402.0,99358.34,2828.5,369.0,12.65,-0.03,1.05,-0.75,12.52,1.04
12101,Allalingletscher,B52-29,394,2013-08-29,12:10:00,2014-09-02,12:10:00,638412.49,99360.56,2827.99,369.0,12.45,0.15,0.07,,12.32,0.07
12104,Allalingletscher,B52-29,394,2013-08-29,10:25:00,2014-09-02,10:30:00,638305.69,99661.08,2841.65,369.0,15.05,-3.66,-0.77,,15.33,-0.76
13104,Allalingletscher,B52-29,394,2013-08-29,11:00:00,2014-09-02,10:35:00,638291.39,99664.6,2843.44,369.0,15.33,-4.16,-0.7,-0.41,15.72,-0.69
12105,Allalingletscher,B52-29,394,2013-08-29,10:05:00,2014-09-02,09:45:00,638275.51,99749.86,2860.71,369.0,16.12,-5.23,-1.01,,16.77,-1.0
13105,Allalingletscher,B52-29,394,2013-08-29,10:20:00,2014-09-02,09:50:00,638259.7,99754.3,2863.05,369.0,16.19,-5.35,-0.54,-0.93,16.88,-0.53
13100,Allalingletscher,B52-29,394,2013-08-29,09:20:00,2014-09-02,09:20:00,636514.44,98801.26,3222.3,369.0,23.52,25.62,0.39,0.96,34.43,0.39
13106,Allalingletscher,B52-29,394,2013-08-29,08:25:00,2014-09-02,08:35:00,637088.36,97813.42,3368.61,369.0,0.11,3.76,-0.51,,3.72,-0.5
13103,Allalingletscher,B52-29,394,2013-08-29,11:20:00,2014-09-02,10:53:00,638323.31,99572.14,2830.19,369.0,14.76,-2.79,-0.84,-1.18,14.87,-0.83
14102,Allalingletscher,B52-29,394,2014-09-02,11:30:00,2015-09-21,11:15:00,638350.75,99479.19,2830.16,384.0,15.2,-1.49,-2.41,-0.82,14.53,-2.29
14103,Allalingletscher,B52-29,394,2014-09-02,10:58:00,2015-09-21,10:40:00,638326.01,99574.64,2829.0,384.0,15.92,-3.24,-2.26,-0.64,15.45,-2.15
13104,Allalingletscher,B52-29,394,2014-09-02,10:35:00,2015-09-21,10:23:00,638306.72,99660.44,2840.54,384.0,16.51,-3.85,-5.76,,16.13,-5.48
14104,Allalingletscher,B52-29,394,2014-09-02,10:40:00,2015-09-21,10:20:00,638290.14,99665.04,2843.02,384.0,16.75,-4.55,-3.51,-0.69,16.51,-3.34
14100,Allalingletscher,B52-29,394,2014-09-02,09:30:00,2015-09-21,08:45:00,636510.53,98799.72,3223.26,384.0,25.54,28.53,0.12,-0.11,36.42,0.11
13100,Allalingletscher,B52-29,394,2014-09-02,09:20:00,2015-09-21,08:55:00,636537.96,98826.88,3222.2,384.0,25.67,30.41,-1.07,,37.85,-1.02
14106,Allalingletscher,B52-29,394,2014-09-02,08:36:00,2015-09-21,07:45:00,637095.67,97810.21,3370.45,384.0,-0.32,3.93,-1.39,-0.33,3.75,-1.32
14102,Allalingletscher,B52-29,394,2015-09-21,11:15:00,2016-08-22,10:10:00,638365.95,99477.7,2824.45,336.0,12.09,-0.98,2.07,,13.19,2.25
15102,Allalingletscher,B52-29,394,2015-09-21,11:20:00,2016-08-22,10:05:00,638351.36,99479.69,2829.34,336.0,12.21,-1.18,-1.11,-1.56,13.34,-1.21
15103,Allalingletscher,B52-29,394,2015-09-21,10:46:00,2016-08-22,09:40:00,638326.02,99575.39,2828.37,336.0,12.85,-2.71,-1.48,-1.32,14.28,-1.61
15104,Allalingletscher,B52-29,394,2015-09-21,10:26:00,2016-08-22,09:25:00,638291.39,99666.47,2842.33,336.0,13.34,-3.88,-1.43,-1.03,15.1,-1.55
15105,Allalingletscher,B52-29,394,2015-09-21,09:40:00,2016-08-22,09:05:00,638260.22,99754.44,2860.28,336.0,14.48,-5.1,-1.72,-0.89,16.69,-1.87
14100,Allalingletscher,B52-29,394,2015-09-21,08:45:00,2016-08-22,08:10:00,636536.07,98828.25,3222.02,336.0,21.12,24.73,-0.71,,35.35,-0.77
15100,Allalingletscher,B52-29,394,2015-09-21,08:50:00,2016-08-22,08:15:00,636512.08,98801.13,3223.15,336.0,21.04,23.62,-0.35,-0.19,34.39,-0.38
15106,Allalingletscher,B52-29,394,2015-09-21,07:42:00,2016-08-22,07:15:00,637095.56,97810.72,3370.12,336.0,-0.19,3.23,-1.13,-0.28,3.52,-1.23
15101,Allalingletscher,B52-29,394,2015-09-21,11:56:00,2016-08-22,10:40:00,638400.79,99359.0,2826.35,336.0,10.89,-0.17,-0.39,-0.86,11.84,-0.42
16101,Allalingletscher,B52-29,394,2016-08-22,10:50:00,2017-08-21,10:19:00,638399.8,99360.09,2825.53,364.0,11.2,-0.43,0.35,-2.95,11.25,0.35
16102,Allalingletscher,B52-29,394,2016-08-22,10:30:00,2017-08-21,10:10:00,638352.52,99479.61,2827.78,364.0,12.74,-1.35,-0.31,-2.19,12.86,-0.31
16103,Allalingletscher,B52-29,394,2016-08-22,09:55:00,2017-08-21,09:59:00,638324.09,99572.63,2827.04,364.0,13.34,-2.79,-0.84,-2.59,13.68,-0.84
16104,Allalingletscher,B52-29,394,2016-08-22,09:35:00,2017-08-21,09:47:00,638290.21,99665.09,2841.3,364.0,13.78,-4.27,-0.45,-2.27,14.48,-0.45
17106,Allalingletscher,B52-29,394,2017-08-21,07:55:00,2018-09-06,07:11:00,637096.81,97796.77,3372.31,381.0,-0.42,3.03,-1.84,-1.02,2.93,-1.76
17105,Allalingletscher,B52-29,394,2017-08-21,09:37:00,2018-09-06,08:07:00,638259.85,99753.18,2856.48,381.0,13.19,-5.04,-0.37,-2.69,13.54,-0.35
17104,Allalingletscher,B52-29,394,2017-08-21,09:52:00,2018-09-06,08:34:00,638290.03,99666.43,2839.03,381.0,12.39,-3.57,-0.33,-2.81,12.36,-0.32
17103,Allalingletscher,B52-29,394,2017-08-21,10:04:00,2018-09-06,08:47:00,638324.94,99576.66,2824.45,381.0,12.02,-2.7,-0.69,-2.94,11.81,-0.66
17102,Allalingletscher,B52-29,394,2017-08-21,10:14:00,2018-09-06,09:00:00,638350.58,99480.55,2825.59,381.0,11.83,-1.06,-0.37,-2.24,11.39,-0.35
17101,Allalingletscher,B52-29,394,2017-08-21,10:25:00,2018-09-06,09:19:00,638400.35,99360.25,2822.58,381.0,10.81,-0.33,0.44,-2.33,10.37,0.42
17100,Allalingletscher,B52-29,394,2017-08-21,08:46:00,2018-09-06,08:02:00,636510.0,98800.07,3222.06,381.0,22.45,24.84,-0.65,-1.12,32.1,-0.62
18106,Allalingletscher,B52-29,394,2018-09-06,07:20:00,2019-08-30,07:32:00,637095.51,97792.45,3372.6,358.0,-0.29,3.06,-1.59,-0.23,3.14,-1.62
18105,Allalingletscher,B52-29,394,2018-09-06,08:18:00,2019-08-30,08:49:00,638259.23,99754.77,2853.78,358.0,12.58,-4.38,-0.29,-2.09,13.59,-0.3
18104,Allalingletscher,B52-29,394,2018-09-06,08:33:00,2019-08-30,09:34:00,638289.68,99664.76,2836.22,358.0,11.3,-3.37,-0.02,-1.25,12.03,-0.02
18103,Allalingletscher,B52-29,394,2018-09-06,08:44:00,2019-08-30,09:50:00,638324.99,99575.04,2821.51,358.0,11.25,-2.11,-0.6,-1.52,11.68,-0.61
17102,Allalingletscher,B52-29,394,2018-09-06,09:00:00,2019-08-30,10:06:00,638362.41,99479.49,2822.12,358.0,10.45,-0.81,-0.28,,10.69,-0.29
18102,Allalingletscher,B52-29,394,2018-09-06,08:59:00,2019-08-30,10:04:00,638350.1,99479.94,2823.36,358.0,10.81,-0.82,-0.18,-1.47,11.06,-0.18
18101,Allalingletscher,B52-29,394,2018-09-06,09:17:00,2019-08-30,10:22:00,638399.98,99360.03,2820.25,358.0,9.94,-0.17,0.41,-1.72,10.14,0.42
17100,Allalingletscher,B52-29,394,2018-09-06,08:02:00,2019-08-30,08:09:00,636532.45,98824.91,3219.78,358.0,20.08,23.96,0.54,,31.89,0.55
18100,Allalingletscher,B52-29,394,2018-09-06,08:06:00,2019-08-30,08:06:00,636511.4,98802.16,3220.84,358.0,20.2,23.12,0.73,-0.14,31.32,0.74
18102,Allalingletscher,B52-29,394,2019-08-30,10:04:00,2020-09-04,10:19:00,638360.91,99479.12,2820.78,371.0,10.86,-0.95,-0.26,,10.73,-0.26
18106,Allalingletscher,B52-29,394,2019-08-30,07:32:00,2020-09-04,08:20:00,637095.22,97795.51,3371.14,371.0,-0.33,2.85,-1.17,-0.03,2.82,-1.15
19105,Allalingletscher,B52-29,394,2019-08-30,08:55:00,2020-09-04,09:19:00,638260.04,99755.02,2851.7,371.0,12.6,-4.86,0.64,-1.67,13.3,0.63
19104,Allalingletscher,B52-29,394,2019-08-30,09:30:00,2020-09-04,09:35:00,638289.9,99664.97,2834.97,371.0,11.66,-3.54,-0.01,-1.94,12.0,-0.01
19103,Allalingletscher,B52-29,394,2019-08-30,09:47:00,2020-09-04,09:55:00,638324.87,99575.03,2819.99,371.0,11.34,-2.42,-0.57,-1.45,11.42,-0.56
19102,Allalingletscher,B52-29,394,2019-08-30,10:03:00,2020-09-04,10:17:00,638349.87,99480.04,2821.89,371.0,10.81,-1.01,-0.13,-1.76,10.69,-0.13
19101,Allalingletscher,B52-29,394,2019-08-30,10:18:00,2020-09-04,10:38:00,638399.82,99360.06,2818.53,371.0,10.14,-0.07,0.46,-1.78,9.98,0.45
18100,Allalingletscher,B52-29,394,2019-08-30,08:06:00,2020-09-04,08:53:00,636531.59,98825.28,3219.92,371.0,22.49,26.17,-1.07,,33.97,-1.05
19100,Allalingletscher,B52-29,394,2019-08-30,08:14:00,2020-09-04,08:51:00,636509.53,98797.42,3220.91,371.0,22.56,24.73,-0.6,-1.57,32.96,-0.59
20102,Allalingletscher,B52-29,394,2020-09-04,10:22:00,2021-09-02,09:34:00,638349.95,99480.01,2820.13,363.0,9.66,-0.82,-0.15,-1.46,9.75,-0.15
20106,Allalingletscher,B52-29,394,2020-09-04,08:36:00,2021-09-02,07:32:00,637097.0,97798.39,3370.3,363.0,-0.26,2.97,-1.01,-0.34,3.0,-1.02
20105,Allalingletscher,B52-29,394,2020-09-04,09:24:00,2021-09-02,08:32:00,638259.33,99755.13,2850.02,363.0,11.38,-3.89,-0.11,-1.77,12.1,-0.11
20104,Allalingletscher,B52-29,394,2020-09-04,09:39:00,2021-09-02,09:03:00,638290.02,99665.06,2833.03,363.0,10.17,-3.15,-0.04,-1.81,10.71,-0.04
19103,Allalingletscher,B52-29,394,2020-09-04,09:55:00,2021-09-02,09:19:00,638336.22,99572.61,2816.35,363.0,9.78,-1.74,-0.69,,10.0,-0.69
20103,Allalingletscher,B52-29,394,2020-09-04,09:59:00,2021-09-02,09:17:00,638324.92,99575.01,2818.55,363.0,10.45,-2.05,-0.35,-1.73,10.72,-0.35
19102,Allalingletscher,B52-29,394,2020-09-04,10:17:00,2021-09-02,09:35:00,638360.68,99479.03,2819.09,363.0,9.6,-0.67,-0.31,,9.68,-0.31
20101,Allalingletscher,B52-29,394,2020-09-04,10:42:00,2021-09-02,09:48:00,638400.01,99360.01,2816.75,363.0,8.92,-0.07,0.34,-1.76,8.98,0.34
20100,Allalingletscher,B52-29,394,2020-09-04,09:01:00,2021-09-02,08:09:00,636512.85,98805.22,3219.35,363.0,19.51,22.24,-0.18,-0.55,29.77,-0.18
19100,Allalingletscher,B52-29,394,2020-09-04,08:51:00,2021-09-02,08:07:00,636532.09,98822.15,3218.59,363.0,19.57,22.88,-0.71,,30.29,-0.71
19101,Allalingletscher,B52-29,394,2020-09-04,10:38:00,2021-09-02,09:49:00,638409.95,99359.99,2816.03,363.0,8.54,0.0,0.3,,8.59,0.3
21100,Allalingletscher,B52-29,394,2021-09-02,08:12:00,2022-09-06,07:56:00,636506.72,98799.34,3218.92,369.0,19.06,21.71,-0.53,-3.67,28.6,-0.52
20106,Allalingletscher,B52-29,394,2021-09-02,07:32:00,2022-09-06,07:22:00,637096.74,97801.36,3369.29,369.0,-1.16,2.84,-1.4,,3.04,-1.39
21105,Allalingletscher,B52-29,394,2021-09-02,08:30:00,2022-09-06,08:29:00,638260.02,99755.01,2848.26,369.0,9.16,-4.34,-2.92,-6.49,10.03,-2.89
21104,Allalingletscher,B52-29,394,2021-09-02,09:09:00,2022-09-06,08:40:00,638289.98,99665.01,2831.22,369.0,9.12,-2.79,-0.31,-4.47,9.44,-0.31
21103,Allalingletscher,B52-29,394,2021-09-02,09:17:00,2022-09-06,09:22:00,638325.12,99575.19,2816.81,369.0,8.66,-1.66,-0.38,-4.51,8.73,-0.38
21102,Allalingletscher,B52-29,394,2021-09-02,09:29:00,2022-09-06,09:46:00,638349.97,99480.02,2818.67,369.0,9.14,-0.83,-0.26,-4.25,9.08,-0.26
21101,Allalingletscher,B52-29,394,2021-09-02,09:47:00,2022-09-06,10:10:00,638400.0,99360.04,2814.98,369.0,7.89,-0.07,0.36,-5.58,7.81,0.36
22100,Allalingletscher,B52-29,394,2022-09-06,08:08:00,2023-09-05,07:44:00,636506.94,98797.58,3215.24,364.0,16.64,18.67,0.15,-2.15,25.1,0.15
22105,Allalingletscher,B52-29,394,2022-09-06,08:49:00,2023-09-05,08:46:00,638259.96,99755.07,2841.77,364.0,6.77,-2.48,-0.33,-4.48,7.24,-0.33
22104,Allalingletscher,B52-29,394,2022-09-06,09:12:00,2023-09-05,09:12:00,638290.15,99665.11,2826.75,364.0,6.37,-1.6,-0.39,-3.74,6.59,-0.39
22103,Allalingletscher,B52-29,394,2022-09-06,09:36:00,2023-09-05,09:28:00,638325.06,99575.01,2812.3,364.0,6.96,-1.33,-0.51,-3.6,7.11,-0.51
22102,Allalingletscher,B52-29,394,2022-09-06,09:44:00,2023-09-05,09:47:00,638349.89,99479.88,2814.42,364.0,6.71,-0.42,-0.34,-3.39,6.75,-0.34
22101,Allalingletscher,B52-29,394,2022-09-06,10:28:00,2023-09-05,10:02:00,638399.95,99360.05,2809.4,364.0,6.47,-0.13,1.44,-3.3,6.5,1.44
22106,Allalingletscher,B52-29,394,2022-09-06,07:23:00,2023-09-05,07:17:00,637094.47,97800.4,3366.18,364.0,-0.24,2.16,-0.7,-4.55,2.18,-0.7
23104,Allalingletscher,B52-29,394,2023-09-05,09:23:00,2024-08-30,08:51:00,638289.98,99665.01,2823.01,360.0,5.63,-1.7,-0.36,-2.87,5.97,-0.36
23106,Allalingletscher,B52-29,394,2023-09-05,07:19:00,2024-08-30,08:17:00,637094.99,97809.93,3361.63,360.0,0.0,2.01,-0.41,-0.77,2.03,-0.42
23105,Allalingletscher,B52-29,394,2023-09-05,09:08:00,2024-08-30,08:32:00,638259.18,99755.49,2837.5,360.0,5.35,-2.22,-2.24,-3.63,5.88,-2.28
23103,Allalingletscher,B52-29,394,2023-09-05,09:40:00,2024-08-30,09:10:00,638325.01,99574.98,2808.7,360.0,5.91,-1.09,-0.46,-2.88,6.09,-0.47
23102,Allalingletscher,B52-29,394,2023-09-05,09:57:00,2024-08-30,09:32:00,638350.0,99480.02,2811.04,360.0,5.87,-0.44,-0.21,-2.33,5.98,-0.21
23101,Allalingletscher,B52-29,394,2023-09-05,10:16:00,2024-08-30,09:57:00,638400.03,99359.94,2806.1,360.0,5.7,-0.02,0.19,-3.18,5.79,0.19
23100,Allalingletscher,B52-29,394,2023-09-05,07:48:00,2024-08-30,08:56:00,636508.51,98794.34,3213.17,360.0,14.68,16.63,0.07,-1.87,22.5,0.07
24102,Allalingletscher,B52-29,394,2024-08-30,09:28:00,2025-09-03,09:24:00,638350.01,99479.99,2808.71,369.0,5.36,-0.37,-0.17,-3.44,5.31,-0.17
23106,Allalingletscher,B52-29,394,2024-08-30,08:17:00,2025-09-03,06:55:00,637094.99,97811.94,3360.35,368.94,-0.02,2.1,-0.4,-0.44,2.08,-0.39
24105,Allalingletscher,B52-29,394,2024-08-30,08:29:00,2025-09-03,08:31:00,638259.98,99755.0,2833.66,369.0,4.45,-1.86,-2.35,,4.77,-2.32
24104,Allalingletscher,B52-29,394,2024-08-30,08:49:00,2025-09-03,09:10:00,638290.03,99665.06,2820.14,369.01,4.77,-1.26,-0.24,-3.26,4.88,-0.24
24100,Allalingletscher,B52-29,394,2024-08-30,09:01:00,2025-09-03,08:05:00,636510.0,98799.99,3211.0,368.96,14.44,16.32,0.25,-0.76,21.57,0.25
24101,Allalingletscher,B52-29,394,2024-08-30,09:48:00,2025-09-03,09:56:00,638400.0,99360.01,2802.92,369.01,5.16,0.13,0.15,-3.37,5.11,0.15
23102,Allalingletscher,B52-29,394,2024-08-30,09:32:00,2025-09-03,09:28:00,638355.87,99479.58,2808.08,369.0,5.28,-0.32,-0.46,,5.24,-0.45
23100,Allalingletscher,B52-29,394,2024-08-30,08:56:00,2025-09-03,08:00:00,636523.19,98810.97,3210.5,368.96,14.44,16.34,-0.23,,21.58,-0.23
24103,Allalingletscher,B52-29,394,2024-08-30,09:07:00,2025-09-03,08:57:00,638325.0,99575.01,2805.82,368.99,5.15,-0.96,-0.32,-2.94,5.18,-0.32
89110,Hohlaubgletscher,B52-32,3332,1989-10-02,12:00:00,1990-09-29,12:00:00,637449.26,100733.24,3049.63,362.0,16.46,-5.16,2.86,0.66,17.41,2.89
90110,Hohlaubgletscher,B52-32,3332,1990-09-29,12:00:00,1991-10-04,12:00:00,637449.51,100733.52,3050.29,370.0,22.28,-5.9,-3.04,-2.29,22.75,-3.0
91110,Hohlaubgletscher,B52-32,3332,1991-10-04,12:00:00,1992-09-30,12:00:00,637449.38,100733.45,3048.0,362.0,22.04,-5.77,0.73,-0.09,22.99,0.74
99110,Hohlaubgletscher,B52-32,3332,1999-09-15,12:00:00,2000-09-13,12:00:00,637404.96,100709.9,3044.32,364.0,14.48,-4.05,0.4,-0.18,15.08,0.4
99110,Hohlaubgletscher,B52-32,3332,2000-09-13,12:00:00,2002-09-16,12:00:00,637419.43,100705.85,3043.8,733.0,30.11,-9.0,-1.47,-0.37,15.66,-0.73
3110,Hohlaubgletscher,B52-32,3332,2003-09-18,12:00:00,2005-09-15,12:00:00,637404.93,100709.92,3043.58,728.0,25.98,-6.48,-3.05,-4.0,13.43,-1.53
5110,Hohlaubgletscher,B52-32,3332,2005-09-15,12:00:00,2007-09-21,12:00:00,637406.22,100699.43,3039.58,736.0,17.78,-6.22,-1.64,-1.99,9.35,-0.81
7110,Hohlaubgletscher,B52-32,3332,2007-09-21,12:00:00,2008-09-16,12:00:00,637408.86,100690.84,3037.59,361.0,8.49,-2.06,-0.07,-1.09,8.84,-0.07
8110,Hohlaubgletscher,B52-32,3332,2008-09-16,12:00:00,2010-09-13,07:40:00,637403.13,100704.23,3036.5,726.8,20.88,-5.56,-0.24,-0.03,10.86,-0.12
9110,Hohlaubgletscher,B52-32,3332,2009-09-22,12:00:00,2010-09-13,07:45:00,637405.85,100708.58,3036.48,355.8,10.67,-2.86,-0.12,-1.34,11.34,-0.12
8110,Hohlaubgletscher,B52-32,3332,2010-09-13,07:40:00,2011-09-06,06:50:00,637424.01,100698.67,3033.84,358.0,9.4,-2.78,-0.09,,10.0,-0.09
9110,Hohlaubgletscher,B52-32,3332,2010-09-13,07:45:00,2011-09-06,07:00:00,637416.51,100705.72,3034.47,358.0,10.24,-2.94,-0.09,,10.87,-0.09
10110,Hohlaubgletscher,B52-32,3332,2010-09-13,07:50:00,2011-09-06,07:10:00,637406.77,100710.82,3035.14,358.0,10.62,-3.1,-0.24,-1.35,11.29,-0.24
11110,Hohlaubgletscher,B52-32,3332,2011-09-06,07:40:00,2012-10-05,08:15:00,637406.25,100709.55,3033.8,395.0,10.4,-3.05,-0.53,-2.69,10.02,-0.49
12110,Hohlaubgletscher,B52-32,3332,2012-10-05,08:20:00,2013-08-29,08:30:00,637405.45,100710.26,3031.11,328.0,8.27,-2.5,-0.19,-0.14,9.62,-0.21
12110,Hohlaubgletscher,B52-32,3332,2013-08-29,08:30:00,2014-09-02,08:50:00,637413.71,100707.77,3030.43,369.0,9.75,-3.15,0.0,,10.14,0.0
13110,Hohlaubgletscher,B52-32,3332,2013-08-29,08:50:00,2014-09-02,08:45:00,637405.0,100710.2,3030.96,369.0,9.79,-2.99,-0.38,-0.54,10.13,-0.38
13110,Hohlaubgletscher,B52-32,3332,2014-09-02,08:45:00,2015-09-21,07:36:00,637414.79,100707.21,3029.78,384.0,10.29,-3.16,-3.21,,10.24,-3.05
14110,Hohlaubgletscher,B52-32,3332,2014-09-02,08:55:00,2015-09-21,07:30:00,637406.38,100710.15,3030.42,383.9,10.42,-3.28,-2.56,-1.48,10.39,-2.44
14110,Hohlaubgletscher,B52-32,3332,2015-09-21,07:30:00,2016-08-22,07:10:00,637416.8,100706.87,3025.56,336.0,8.49,-2.67,2.51,,9.67,2.73
15110,Hohlaubgletscher,B52-32,3332,2015-09-21,07:33:00,2016-08-22,07:30:00,637405.0,100710.39,3028.94,336.0,8.57,-2.63,0.82,-0.05,9.74,0.89
16110,Hohlaubgletscher,B52-32,3332,2016-08-22,07:35:00,2017-08-21,08:32:00,637405.42,100709.04,3028.89,364.0,8.65,-2.84,0.19,-2.52,9.14,0.19
15110,Hohlaubgletscher,B52-32,3332,2016-08-22,07:30:00,2017-08-21,08:34:00,637413.57,100707.76,3028.06,364.0,8.86,-2.81,-0.08,,9.33,-0.08
17110,Hohlaubgletscher,B52-32,3332,2017-08-21,08:33:00,2018-09-06,07:14:00,637404.1,100707.54,3026.37,380.9,8.61,-3.13,0.32,-0.59,8.78,0.31
18110,Hohlaubgletscher,B52-32,3332,2018-09-06,07:34:00,2019-08-30,08:08:00,637404.95,100709.92,3025.78,358.0,8.92,-3.19,0.59,-1.3,9.67,0.6
19110,Hohlaubgletscher,B52-32,3332,2019-08-30,08:15:00,2020-09-04,08:51:00,637404.86,100710.04,3024.48,371.0,9.7,-3.48,0.25,-0.31,10.15,0.25
18110,Hohlaubgletscher,B52-32,3332,2019-08-30,08:08:00,2020-09-04,08:50:00,637413.87,100706.73,3023.64,371.0,9.85,-3.11,0.18,,10.17,0.18
19115,Hohlaubgletscher,B52-32,3332,2019-08-30,07:34:00,2020-09-04,08:15:00,636466.55,100638.45,3240.88,371.0,17.77,27.62,-7.76,-0.24,32.33,-7.64
20110,Hohlaubgletscher,B52-32,3332,2020-09-04,08:54:00,2021-09-02,08:02:00,637404.97,100710.13,3024.17,363.0,9.6,-3.5,0.18,-0.6,10.28,0.18
19110,Hohlaubgletscher,B52-32,3332,2020-09-04,08:51:00,2021-09-02,08:03:00,637414.56,100706.57,3023.27,363.0,9.66,-3.33,0.17,,10.28,0.17
20115,Hohlaubgletscher,B52-32,3332,2020-09-04,08:21:00,2021-09-02,07:32:00,636464.99,100639.96,3240.64,363.0,17.96,27.7,-8.19,-0.14,33.22,-8.24
19115,Hohlaubgletscher,B52-32,3332,2020-09-04,08:15:00,2021-09-02,07:23:00,636484.32,100666.07,3233.37,363.0,17.14,26.46,-6.8,,31.72,-6.84
20115,Hohlaubgletscher,B52-32,3332,2021-09-02,07:32:00,2022-09-06,07:30:00,636482.96,100667.65,3233.05,369.0,17.23,26.15,-7.58,,31.0,-7.5
21115,Hohlaubgletscher,B52-32,3332,2021-09-02,07:30:00,2022-09-06,07:28:00,636465.03,100639.95,3240.5,369.0,19.04,27.77,-8.4,,33.33,-8.31
21110,Hohlaubgletscher,B52-32,3332,2021-09-02,08:02:00,2022-09-06,07:54:00,637404.97,100709.94,3023.57,369.0,9.21,-3.45,0.39,-4.66,9.74,0.39
22110,Hohlaubgletscher,B52-32,3332,2022-09-06,08:04:00,2023-09-05,07:50:00,637405.0,100709.99,3018.91,363.99,7.23,-2.59,1.23,-2.54,7.7,1.24
22115,Hohlaubgletscher,B52-32,3332,2022-09-06,07:26:00,2023-09-05,07:24:00,636457.56,100625.13,3239.99,364.0,15.78,23.97,-7.47,-6.7,28.8,-7.49
23110,Hohlaubgletscher,B52-32,3332,2023-09-05,07:56:00,2024-08-30,08:00:00,637405.0,100709.94,3016.37,360.0,6.75,-2.73,-0.01,-2.1,7.39,-0.01
23115,Hohlaubgletscher,B52-32,3332,2023-09-05,07:34:00,2024-08-30,07:18:00,636465.1,100639.8,3233.29,359.99,14.86,22.66,-6.46,-1.78,27.5,-6.55
24115,Hohlaubgletscher,B52-32,3332,2024-08-30,07:16:00,2025-09-03,06:52:00,636464.97,100640.01,3231.5,368.98,13.86,21.41,-5.62,-0.16,25.25,-5.57
23115,Hohlaubgletscher,B52-32,3332,2024-08-30,07:18:00,2025-09-03,07:06:00,636479.96,100662.46,3225.6,368.99,13.54,20.67,-4.99,,24.46,-4.94
24110,Hohlaubgletscher,B52-32,3332,2024-08-30,07:51:00,2025-09-03,07:24:00,637404.97,100709.99,3014.26,368.98,5.15,-2.04,-0.22,-2.95,5.48,-0.21
1501,Glacier du Giétro,B82-14,367,2015-09-08,06:40:00,2016-09-13,06:40:00,596142.55,92345.75,3299.86,371.0,1.7,2.04,-0.55,0.18,2.61,-0.54
1502,Glacier du Giétro,B82-14,367,2015-09-08,07:35:00,2016-09-13,07:35:00,596604.6,92835.06,3248.22,371.0,-1.48,8.12,-0.93,0.1,8.13,-0.92
1404,Glacier du Giétro,B82-14,367,2015-09-08,08:25:00,2016-09-13,08:25:00,596202.11,93410.06,3185.74,371.0,-6.03,10.27,-0.25,-0.33,11.72,-0.25
1505,Glacier du Giétro,B82-14,367,2015-09-08,08:45:00,2016-09-13,08:45:00,595625.1,94164.62,3053.28,371.0,-14.33,9.0,-0.4,-0.5,16.66,-0.39
15101,Glacier du Giétro,B82-14,367,2015-09-08,10:55:00,2016-09-13,10:55:00,594733.31,94531.35,2870.85,371.0,-29.4,-7.82,-4.14,,29.95,-4.08
15102,Glacier du Giétro,B82-14,367,2015-09-08,11:10:00,2016-09-13,11:10:00,594617.49,94502.99,2816.04,371.0,-19.04,-11.32,-6.79,,21.81,-6.68
15103,Glacier du Giétro,B82-14,367,2015-09-08,11:15:00,2016-09-13,11:15:00,594567.77,94471.22,2798.47,371.0,-17.85,-11.2,-2.17,,20.75,-2.14
15107,Glacier du Giétro,B82-14,367,2015-09-08,11:00:00,2016-09-13,11:00:00,594873.2,94533.62,2927.94,371.0,-30.76,-1.98,-9.2,,30.35,-9.06
1602,Glacier du Giétro,B82-14,367,2016-09-13,08:20:00,2017-09-21,08:20:00,596604.64,92835.3,3248.32,373.0,-1.55,8.12,-0.97,-2.19,8.09,-0.95
1604,Glacier du Giétro,B82-14,367,2016-09-13,09:00:00,2017-09-21,09:00:00,596209.99,93399.45,3186.29,373.0,-6.01,10.16,-0.65,-2.01,11.56,-0.64
1501,Glacier du Giétro,B82-14,367,2016-09-13,07:40:00,2017-09-21,07:40:00,596144.25,92347.79,3299.9,373.0,1.64,2.1,-0.52,-2.33,2.61,-0.51
1605,Glacier du Giétro,B82-14,367,2016-09-13,09:45:00,2017-09-21,09:45:00,595624.64,94164.15,3052.77,373.0,-13.75,8.91,-0.29,-2.05,16.04,-0.28
16102,Glacier du Giétro,B82-14,367,2016-09-13,12:15:00,2017-09-21,12:15:00,594625.98,94517.38,2820.62,373.0,-16.91,-9.07,-7.67,-4.05,18.79,-7.51
16103,Glacier du Giétro,B82-14,367,2016-09-13,13:05:00,2017-09-21,13:05:00,594479.48,94451.25,2764.71,373.0,-11.19,-6.73,-2.31,,12.79,-2.26
16107,Glacier du Giétro,B82-14,367,2016-09-13,11:45:00,2017-09-21,11:45:00,594853.55,94545.85,2917.55,373.0,-26.43,-4.19,-11.69,,26.2,-11.45
1701,Glacier du Giétro,B82-14,367,2017-09-21,08:09:00,2018-09-17,08:09:00,596142.92,92346.03,3297.71,361.0,0.9,1.69,-0.32,-0.28,1.94,-0.32
1704,Glacier du Giétro,B82-14,367,2017-09-21,10:18:00,2018-09-16,10:18:00,596210.89,93399.91,3184.28,361.0,-6.33,9.51,-0.38,-0.42,11.56,-0.38
1702,Glacier du Giétro,B82-14,367,2017-09-21,08:48:00,2018-09-16,08:48:00,596604.73,92834.98,3246.13,361.0,-2.0,7.38,-0.68,0.17,7.74,-0.69
17107,Glacier du Giétro,B82-14,367,2017-09-21,12:59:00,2018-09-16,12:59:00,594835.65,94550.01,2906.57,361.0,-24.14,-5.47,-9.72,,25.06,-9.84
17103,Glacier du Giétro,B82-14,367,2017-09-21,13:52:00,2018-09-16,13:52:00,594487.56,94461.78,2763.91,361.0,-10.48,-5.88,-3.27,-4.26,12.16,-3.31
17102,Glacier du Giétro,B82-14,367,2017-09-21,13:32:00,2018-09-16,13:32:00,594625.13,94519.65,2816.57,361.0,-16.23,-8.69,-6.53,,18.63,-6.61
1705,Glacier du Giétro,B82-14,367,2017-09-21,11:07:00,2018-09-16,11:07:00,595624.99,94164.75,3050.72,361.0,-14.44,8.73,0.18,-0.65,17.08,0.18
1702,Glacier du Giétro,B82-14,367,2018-09-17,07:30:00,2019-09-27,07:30:00,596602.73,92842.37,3245.76,375.0,-1.62,7.89,-0.48,-0.6,7.85,-0.47
1701,Glacier du Giétro,B82-14,367,2018-09-17,07:06:00,2019-09-27,07:06:00,596143.82,92347.73,3297.43,375.0,1.52,1.9,-0.21,,2.37,-0.2
18107,Glacier du Giétro,B82-14,367,2018-09-17,09:18:00,2019-09-27,09:18:00,594859.83,94557.15,2916.5,375.0,-25.57,-4.9,-11.4,-2.9,25.36,-11.1
18102,Glacier du Giétro,B82-14,367,2018-09-17,10:17:00,2019-09-27,10:17:00,594615.64,94515.23,2808.25,375.0,-15.99,-10.18,-7.59,,18.46,-7.39
18101,Glacier du Giétro,B82-14,367,2018-09-17,09:50:00,2019-09-27,09:50:00,594736.74,94535.54,2866.44,375.0,-25.73,-7.35,-5.83,,26.06,-5.68
1805,Glacier du Giétro,B82-14,367,2018-09-17,08:29:00,2019-09-27,08:29:00,595625.54,94166.26,3050.07,375.0,-13.6,8.73,0.06,-1.3,15.74,0.06
1704,Glacier du Giétro,B82-14,367,2018-09-17,07:58:00,2019-09-27,07:58:00,596204.56,93409.41,3183.16,375.0,-5.76,9.72,-0.09,-1.45,11.0,-0.09
19107,Glacier du Giétro,B82-14,367,2019-09-27,09:49:00,2020-09-08,09:49:00,594858.77,94560.31,2913.33,347.0,-22.02,-4.6,-8.98,-1.89,23.68,-9.45
19101,Glacier du Giétro,B82-14,367,2019-09-27,10:16:00,2020-09-08,10:16:00,594739.59,94533.14,2863.73,347.0,-21.51,-6.21,-4.55,-1.31,23.57,-4.79
1905,Glacier du Giétro,B82-14,367,2019-09-27,09:09:00,2020-09-08,09:09:00,595627.65,94165.26,3048.78,347.0,-10.84,7.55,-0.61,-1.71,13.9,-0.64
1904,Glacier du Giétro,B82-14,367,2019-09-27,08:33:00,2020-09-08,08:33:00,596210.31,93399.7,3182.42,347.0,-4.48,8.35,-1.17,-0.77,9.97,-1.23
1702,Glacier du Giétro,B82-14,367,2019-09-27,07:50:00,2020-09-08,07:50:00,596601.11,92850.26,3244.58,347.0,-0.68,7.31,-1.15,-0.51,7.73,-1.21
1901,Glacier du Giétro,B82-14,367,2019-09-27,07:21:00,2020-09-08,07:21:00,596149.03,92349.93,3295.59,347.0,1.99,1.47,-0.99,-0.35,2.6,-1.04
19102,Glacier du Giétro,B82-14,367,2019-09-27,10:41:00,2020-09-08,10:41:00,594603.37,94507.0,2797.17,347.0,-11.34,-7.96,-4.36,-4.75,14.58,-4.59
20102,Glacier du Giétro,B82-14,367,2020-09-08,09:58:00,2021-09-14,09:58:00,594622.79,94506.14,2799.52,371.0,-10.1,-6.73,-3.7,-3.45,11.95,-3.64
20101,Glacier du Giétro,B82-14,367,2020-09-08,09:33:00,2021-09-14,09:33:00,594736.62,94535.16,2861.23,371.0,-19.88,-6.12,-4.19,-1.38,20.47,-4.12
2005,Glacier du Giétro,B82-14,367,2020-09-08,08:22:00,2021-09-14,08:22:00,595625.03,94164.99,3047.07,371.0,-12.03,7.66,-0.03,-0.69,14.04,-0.03
1904,Glacier du Giétro,B82-14,367,2020-09-08,07:53:00,2021-09-14,07:53:00,596205.83,93408.05,3181.11,371.0,-5.48,9.61,-0.21,-0.68,10.89,-0.21
2002,Glacier du Giétro,B82-14,367,2020-09-08,07:26:00,2021-09-14,07:26:00,596604.97,92835.03,3245.19,371.0,-1.64,7.69,-0.67,-0.26,7.74,-0.66
1901,Glacier du Giétro,B82-14,367,2020-09-08,07:04:00,2021-09-14,07:04:00,596151.02,92351.4,3294.6,371.0,1.39,1.91,-0.5,-0.36,2.33,-0.49
20107,Glacier du Giétro,B82-14,367,2020-09-08,09:06:00,2021-09-14,09:06:00,594855.89,94559.39,2909.68,371.0,-20.71,-4.57,-8.55,-1.39,20.87,-8.42
21101,Glacier du Giétro,B82-14,367,2021-09-14,10:49:00,2022-09-01,10:49:00,594735.09,94537.64,2859.2,352.0,-18.15,-5.87,-3.76,-4.64,19.79,-3.9
21107,Glacier du Giétro,B82-14,367,2021-09-14,10:29:00,2022-09-01,10:29:00,594849.46,94550.08,2904.84,352.0,-17.86,-3.72,-8.25,-4.58,18.93,-8.56
1901,Glacier du Giétro,B82-14,367,2021-09-14,07:47:00,2022-09-01,07:47:00,596152.41,92353.31,3294.04,352.0,1.5,1.36,-0.44,-3.0,2.1,-0.46
2002,Glacier du Giétro,B82-14,367,2021-09-14,08:12:00,2022-09-01,08:12:00,596603.32,92842.72,3244.44,352.0,-1.24,6.84,-0.22,-3.04,7.21,-0.23
2104,Glacier du Giétro,B82-14,367,2021-09-14,08:45:00,2022-09-01,08:45:00,596211.26,93399.59,3181.05,352.0,-4.99,8.55,-0.42,-3.19,10.27,-0.44
2105,Glacier du Giétro,B82-14,367,2021-09-14,09:22:00,2022-09-01,09:22:00,595624.24,94164.98,3046.39,352.0,-11.11,7.14,-0.1,-3.15,13.7,-0.1
2204,Glacier du Giétro,B82-14,367,2022-09-01,09:16:00,2023-09-12,08:40:00,596211.23,93401.22,3177.99,376.0,-5.35,8.33,-0.36,-1.92,9.62,-0.35
2205,Glacier du Giétro,B82-14,367,2022-09-01,09:49:00,2023-09-12,09:21:00,595625.68,94164.65,3043.34,376.0,-10.83,6.9,-0.03,-2.56,12.47,-0.03
22107,Glacier du Giétro,B82-14,367,2022-09-01,10:58:00,2023-09-12,10:27:00,594855.02,94544.99,2903.23,376.0,-13.66,4.87,-8.42,-5.35,14.08,-8.18
22101,Glacier du Giétro,B82-14,367,2022-09-01,11:24:00,2023-09-12,10:55:00,594748.1,94533.59,2857.95,376.0,-17.6,-5.59,-4.42,-4.27,17.94,-4.3
2202,Glacier du Giétro,B82-14,367,2022-09-01,08:39:00,2023-09-12,08:02:00,596604.71,92841.89,3241.45,376.0,-1.22,6.69,-0.64,-1.99,6.61,-0.63
2201,Glacier du Giétro,B82-14,367,2022-09-01,08:07:00,2023-09-12,07:25:00,596142.99,92345.99,3291.88,376.0,1.12,1.54,-0.23,-2.03,1.85,-0.22
2302,Glacier du Giétro,B82-14,367,2023-09-12,08:06:00,2024-09-10,07:37:00,596612.58,92842.25,3239.53,364.0,-1.08,5.88,-0.7,-1.72,6.0,-0.7
2301,Glacier du Giétro,B82-14,367,2023-09-12,07:28:00,2024-09-10,07:00:00,596141.02,92345.33,3289.89,364.0,1.48,1.28,0.28,-2.23,1.96,0.28
23101,Glacier du Giétro,B82-14,367,2023-09-12,11:19:00,2024-09-10,10:47:00,594751.75,94527.47,2856.04,364.0,-12.65,-4.33,-3.32,-4.41,13.42,-3.33
2305,Glacier du Giétro,B82-14,367,2023-09-12,09:24:00,2024-09-10,08:52:00,595622.77,94161.82,3040.83,364.0,-9.43,6.16,0.62,-2.56,11.3,0.62
2304,Glacier du Giétro,B82-14,367,2023-09-12,08:42:00,2024-09-10,08:14:00,596211.01,93399.88,3175.86,364.0,-4.24,7.61,-0.48,-2.2,8.74,-0.48
24101,Glacier du Giétro,B82-14,367,2024-09-10,10:58:00,2025-09-11,09:34:00,594789.8,94523.6,2866.06,365.94,-9.96,-2.19,-2.4,-3.8,10.18,-2.4
24107,Glacier du Giétro,B82-14,367,2024-09-10,10:34:00,2025-09-11,09:16:00,594859.85,94521.85,2900.36,365.95,-12.11,-1.4,-6.9,-4.5,12.16,-6.89
2402,Glacier du Giétro,B82-14,367,2024-09-10,07:43:00,2025-09-11,07:27:00,596605.04,92833.98,3238.18,365.99,-0.41,5.4,0.12,,5.41,0.12
2401,Glacier du Giétro,B82-14,367,2024-09-10,07:12:00,2025-09-11,07:08:00,596141.73,92345.07,3287.62,366.0,1.07,1.22,-0.07,-0.7,1.62,-0.07
2404,Glacier du Giétro,B82-14,367,2024-09-10,08:20:00,2025-09-11,07:56:00,596211.55,93399.94,3173.66,365.98,-4.48,7.38,0.0,-1.0,8.62,0.0
2405,Glacier du Giétro,B82-14,367,2024-09-10,08:59:00,2025-09-11,08:29:00,595623.54,94166.32,3038.11,365.98,-8.83,5.73,0.21,-1.41,10.5,0.21
96723,Glacier de Corbassière,B83-03,366,1996-09-12,12:00:00,1997-08-27,12:00:00,588453.14,94258.38,2484.37,349.0,-8.26,20.74,0.84,1.77,23.36,0.88
96623,Glacier de Corbassière,B83-03,366,1996-09-12,12:00:00,1997-08-27,12:00:00,589391.93,93100.91,2661.68,349.0,-15.72,26.95,0.96,0.33,32.65,1.0
96625,Glacier de Corbassière,B83-03,366,1996-09-12,12:00:00,1997-08-27,12:00:00,589228.38,93011.72,2666.04,349.0,-16.39,26.41,0.51,0.43,32.53,0.53
96721,Glacier de Corbassière,B83-03,366,1996-09-12,12:00:00,1997-08-27,12:00:00,588649.9,94314.6,2496.37,349.0,-10.09,22.62,-0.81,1.48,25.92,-0.85
96621,Glacier de Corbassière,B83-03,366,1996-09-12,12:00:00,1997-08-27,12:00:00,589579.35,93202.99,2660.36,349.0,-11.66,22.02,0.8,0.33,26.08,0.84
97721,Glacier de Corbassière,B83-03,366,1997-08-27,12:00:00,1998-08-26,12:00:00,588650.84,94315.15,2497.85,364.0,-12.78,22.28,-2.69,-4.55,25.77,-2.7
97625,Glacier de Corbassière,B83-03,366,1997-08-27,12:00:00,1998-08-26,12:00:00,589228.72,93010.75,2666.47,364.0,-17.33,27.62,-0.41,-2.48,32.72,-0.41
97725,Glacier de Corbassière,B83-03,366,1997-08-27,12:00:00,1998-08-26,12:00:00,588258.94,94202.68,2494.06,364.0,-2.5,10.87,-3.14,-5.48,11.19,-3.15
97723,Glacier de Corbassière,B83-03,366,1997-08-27,12:00:00,1998-08-26,12:00:00,588448.83,94256.79,2486.14,364.0,-4.66,21.97,-1.39,-5.45,22.54,-1.39
97623,Glacier de Corbassière,B83-03,366,1997-08-27,12:00:00,1998-08-26,12:00:00,589394.71,93102.06,2662.01,364.0,-16.22,28.55,0.66,-2.33,32.95,0.66
97621,Glacier de Corbassière,B83-03,366,1997-08-27,12:00:00,1998-08-26,12:00:00,589576.3,93201.95,2660.68,364.0,-12.26,23.32,0.81,-2.2,26.44,0.81
98621,Glacier de Corbassière,B83-03,366,1998-08-26,12:00:00,1999-09-01,12:00:00,589575.88,93200.4,2658.48,371.0,-11.82,22.92,0.42,,25.39,0.41
98623,Glacier de Corbassière,B83-03,366,1998-08-26,12:00:00,1999-09-01,12:00:00,589391.37,93101.69,2659.68,371.0,-15.45,27.61,0.86,,31.15,0.85
98625,Glacier de Corbassière,B83-03,366,1998-08-26,12:00:00,1999-09-01,12:00:00,589230.43,93014.17,2663.99,371.0,-16.38,26.54,0.11,,30.7,0.11
98721,Glacier de Corbassière,B83-03,366,1998-08-26,12:00:00,1999-09-01,12:00:00,588652.06,94315.6,2493.3,371.0,-9.79,21.47,-1.2,-2.48,23.23,-1.18
98723,Glacier de Corbassière,B83-03,366,1998-08-26,12:00:00,1999-09-01,12:00:00,588450.17,94256.95,2480.69,371.0,-7.89,19.65,0.34,-1.83,20.85,0.33
98725,Glacier de Corbassière,B83-03,366,1998-08-26,12:00:00,1999-09-01,12:00:00,588260.1,94202.69,2488.57,371.0,-2.12,9.3,-0.38,-1.19,9.39,-0.37
99723,Glacier de Corbassière,B83-03,366,1999-09-01,12:00:00,2000-08-29,12:00:00,588453.14,94255.68,2478.86,363.0,-7.79,18.83,0.52,-2.47,20.5,0.52
99725,Glacier de Corbassière,B83-03,366,1999-09-01,12:00:00,2000-08-29,12:00:00,588259.06,94202.65,2487.38,363.0,-1.71,8.19,-0.09,-3.11,8.42,-0.09
98621,Glacier de Corbassière,B83-03,366,1999-09-01,12:00:00,2000-08-29,12:00:00,589564.06,93223.32,2656.31,363.0,-15.02,28.3,0.43,-2.22,32.24,0.43
98623,Glacier de Corbassière,B83-03,366,1999-09-01,12:00:00,2000-08-29,12:00:00,589375.93,93129.3,2657.9,363.0,-18.08,30.63,0.29,-2.76,35.79,0.29
98625,Glacier de Corbassière,B83-03,366,1999-09-01,12:00:00,2000-08-29,12:00:00,589214.06,93040.71,2661.41,363.0,-19.01,28.97,-0.24,-2.07,34.87,-0.24
99721,Glacier de Corbassière,B83-03,366,1999-09-01,12:00:00,2000-08-29,12:00:00,588648.0,94314.33,2490.82,363.0,-9.34,21.09,-0.78,-2.83,23.21,-0.78
723,Glacier de Corbassière,B83-03,366,2000-08-29,12:00:00,2001-09-12,13:10:00,588450.72,94256.08,2476.39,379.0,-7.54,18.11,0.71,-1.88,18.91,0.68
725,Glacier de Corbassière,B83-03,366,2000-08-29,12:00:00,2001-09-12,13:20:00,588260.81,94203.74,2484.27,379.0,-1.74,8.12,0.16,-2.89,8.0,0.15
621,Glacier de Corbassière,B83-03,366,2000-08-29,12:00:00,2001-09-12,08:15:00,589576.62,93202.8,2656.26,379.0,-12.04,23.33,0.89,-0.57,25.31,0.86
623,Glacier de Corbassière,B83-03,366,2000-08-29,12:00:00,2001-09-12,08:20:00,589391.93,93102.16,2656.92,379.0,-16.02,28.64,1.5,-0.3,31.64,1.45
625,Glacier de Corbassière,B83-03,366,2000-08-29,12:00:00,2001-09-12,08:25:00,589231.12,93011.14,2661.92,379.0,-17.18,28.07,0.61,-0.5,31.72,0.59
721,Glacier de Corbassière,B83-03,366,2000-08-29,12:00:00,2001-09-12,13:00:00,588650.35,94314.91,2487.98,379.0,-9.2,20.37,-0.66,-1.13,21.54,-0.64
1623,Glacier de Corbassière,B83-03,366,2001-09-12,08:22:00,2002-09-07,08:40:00,589392.81,93100.74,2656.62,360.0,-14.47,25.62,0.9,-1.02,29.85,0.91
1621,Glacier de Corbassière,B83-03,366,2001-09-12,08:17:00,2002-09-07,08:30:00,589577.56,93202.35,2655.69,360.0,-10.44,20.23,0.57,-1.17,23.1,0.58
1625,Glacier de Corbassière,B83-03,366,2001-09-12,08:27:00,2002-09-07,08:50:00,589228.57,93011.27,2661.43,360.0,-15.6,24.92,-0.04,-1.24,29.83,-0.04
1721,Glacier de Corbassière,B83-03,366,2001-09-12,13:03:00,2002-09-07,12:25:00,588650.64,94315.15,2486.86,360.0,-8.66,18.72,-0.9,-2.29,20.93,-0.91
1723,Glacier de Corbassière,B83-03,366,2001-09-12,13:13:00,2002-09-07,12:40:00,588451.5,94258.14,2474.51,360.0,-7.02,16.6,0.55,-2.42,18.29,0.56
1725,Glacier de Corbassière,B83-03,366,2001-09-12,13:23:00,2002-09-07,13:00:00,588261.19,94203.26,2481.38,360.0,-1.85,6.92,-0.26,-3.24,7.27,-0.26
2725,Glacier de Corbassière,B83-03,366,2002-09-07,13:02:00,2003-09-05,11:10:00,588263.6,94203.77,2478.14,363.0,-1.46,6.39,-0.95,-3.55,6.6,-0.96
2623,Glacier de Corbassière,B83-03,366,2002-09-07,08:42:00,2003-09-04,18:30:00,589394.09,93100.72,2655.59,362.0,-15.61,27.34,1.14,-2.01,31.73,1.15
2621,Glacier de Corbassière,B83-03,366,2002-09-07,08:32:00,2003-09-04,17:45:00,589577.51,93201.4,2654.52,362.0,-10.8,21.74,0.39,-4.81,24.47,0.39
2625,Glacier de Corbassière,B83-03,366,2002-09-07,08:52:00,2003-09-04,19:10:00,589230.43,93011.98,2660.18,362.0,-16.83,30.58,0.09,-2.65,35.18,0.09
2721,Glacier de Corbassière,B83-03,366,2002-09-07,12:28:00,2003-09-05,09:55:00,588650.5,94314.93,2484.57,363.0,-9.88,19.66,-1.85,-4.04,22.15,-1.86
2723,Glacier de Corbassière,B83-03,366,2002-09-07,12:42:00,2003-09-05,10:35:00,588451.72,94256.5,2472.08,363.0,-7.85,16.18,0.03,-4.19,18.1,0.03
3623,Glacier de Corbassière,B83-03,366,2003-09-04,18:35:00,2004-09-08,16:05:00,589394.34,93099.02,2653.58,370.0,-13.36,23.6,1.11,-1.02,26.78,1.1
3621,Glacier de Corbassière,B83-03,366,2003-09-04,17:50:00,2004-09-08,15:45:00,589528.4,93173.63,2649.71,370.0,-10.79,20.62,1.16,1.05,22.98,1.15
3625,Glacier de Corbassière,B83-03,366,2003-09-04,19:15:00,2004-09-08,16:30:00,589230.12,93015.64,2657.53,370.0,-14.43,23.1,0.38,-0.8,26.89,0.38
3723,Glacier de Corbassière,B83-03,366,2003-09-05,10:40:00,2004-09-08,12:10:00,588452.27,94257.27,2467.89,369.0,-6.17,14.26,0.37,-2.95,15.38,0.37
3670,Glacier de Corbassière,B83-03,366,2003-09-05,08:55:00,2004-09-08,15:10:00,589134.02,93632.93,2626.82,369.0,-15.32,18.15,0.34,-2.56,23.49,0.34
3725,Glacier de Corbassière,B83-03,366,2003-09-05,11:20:00,2004-09-08,13:00:00,588273.76,94204.77,2474.59,369.0,-1.54,6.43,0.01,-2.82,6.54,0.01
4725,Glacier de Corbassière,B83-03,366,2004-09-08,13:30:00,2005-09-01,10:00:00,588273.29,94206.21,2471.78,358.0,-1.55,5.34,0.02,-3.32,5.67,0.02
4621,Glacier de Corbassière,B83-03,366,2004-09-08,16:00:00,2005-08-31,16:40:00,589577.67,93201.59,2650.76,357.0,-6.98,13.81,0.85,-1.59,15.83,0.87
4623,Glacier de Corbassière,B83-03,366,2004-09-08,16:20:00,2005-08-31,17:15:00,589391.17,93100.52,2652.56,357.0,-11.21,19.82,0.92,-1.76,23.3,0.94
4625,Glacier de Corbassière,B83-03,366,2004-09-08,17:00:00,2005-08-31,17:40:00,589230.06,93011.62,2656.73,357.0,-12.3,19.83,0.35,-2.12,23.87,0.36
4670,Glacier de Corbassière,B83-03,366,2004-09-08,15:30:00,2005-08-31,18:25:00,589148.08,93649.12,2624.25,357.0,-12.27,15.01,-0.1,-3.23,19.83,-0.1
4721,Glacier de Corbassière,B83-03,366,2004-09-08,12:45:00,2005-09-01,08:45:00,588649.95,94315.01,2478.26,358.0,-6.89,14.73,-0.58,-3.49,16.6,-0.59
4723,Glacier de Corbassière,B83-03,366,2004-09-08,12:55:00,2005-09-01,09:40:00,588450.25,94257.95,2464.94,358.0,-5.57,12.34,0.68,-3.07,13.82,0.69
5623,Glacier de Corbassière,B83-03,366,2005-08-31,17:20:00,2006-09-06,15:30:00,589386.26,93099.54,2650.8,371.0,-11.92,21.47,1.15,-0.91,24.18,1.13
5621,Glacier de Corbassière,B83-03,366,2005-08-31,16:45:00,2006-09-06,15:00:00,589577.53,93201.6,2649.16,371.0,-7.32,14.47,0.99,-1.65,15.97,0.97
5625,Glacier de Corbassière,B83-03,366,2005-08-31,17:45:00,2006-09-06,16:20:00,589229.75,93012.45,2654.61,371.0,-13.14,21.44,0.43,-1.4,24.76,0.42
5670,Glacier de Corbassière,B83-03,366,2005-08-31,18:30:00,2006-09-06,17:00:00,589148.23,93648.86,2621.03,371.0,-12.55,15.57,-0.38,-2.41,19.69,-0.37
5721,Glacier de Corbassière,B83-03,366,2005-09-01,08:50:00,2006-09-07,09:10:00,588650.74,94313.78,2474.77,371.0,-6.54,14.08,-0.79,-3.56,15.28,-0.78
5725,Glacier de Corbassière,B83-03,366,2005-09-01,10:05:00,2006-09-07,10:05:00,588272.65,94206.78,2468.46,371.0,-1.29,4.71,-0.71,-3.34,4.81,-0.7
5723,Glacier de Corbassière,B83-03,366,2005-09-01,09:45:00,2006-09-07,09:45:00,588450.96,94254.43,2461.87,371.0,-5.47,10.07,0.26,-4.08,11.28,0.26
6625,Glacier de Corbassière,B83-03,366,2006-09-06,16:15:00,2007-09-03,14:35:00,589232.38,93015.39,2653.21,362.0,-11.86,19.33,0.47,-1.28,22.89,0.47
6621,Glacier de Corbassière,B83-03,366,2006-09-06,15:10:00,2007-09-03,13:45:00,589577.73,93202.35,2647.51,362.0,-6.55,12.38,0.89,-2.01,14.14,0.9
6623,Glacier de Corbassière,B83-03,366,2006-09-06,15:40:00,2007-09-03,14:10:00,589385.41,93097.12,2649.89,362.0,-10.59,19.14,1.14,-1.52,22.08,1.15
6670,Glacier de Corbassière,B83-03,366,2006-09-06,17:10:00,2007-09-03,16:00:00,589148.55,93648.43,2618.62,362.0,-11.41,13.62,0.02,-2.94,17.93,0.02
6723,Glacier de Corbassière,B83-03,366,2006-09-07,09:45:00,2007-09-04,07:47:00,588452.81,94256.99,2457.79,362.0,-4.33,10.1,0.24,-4.38,11.09,0.24
6721,Glacier de Corbassière,B83-03,366,2006-09-07,09:00:00,2007-09-04,07:37:00,588651.68,94314.91,2471.21,362.0,-5.45,11.76,-0.4,-4.99,13.08,-0.4
6725,Glacier de Corbassière,B83-03,366,2006-09-07,10:15:00,2007-09-04,08:36:00,588272.99,94206.22,2465.12,362.0,-1.03,3.84,0.03,-4.31,4.01,0.03
7625,Glacier de Corbassière,B83-03,366,2007-09-03,14:40:00,2008-09-08,13:50:00,589229.94,93011.49,2651.93,371.0,-11.8,19.13,0.12,-2.67,22.13,0.12
7621,Glacier de Corbassière,B83-03,366,2007-09-03,13:45:00,2008-09-08,13:00:00,589575.26,93204.33,2645.5,371.0,-6.45,12.38,0.9,-2.31,13.74,0.89
7623,Glacier de Corbassière,B83-03,366,2007-09-03,14:15:00,2008-09-08,13:30:00,589386.55,93096.84,2648.37,371.0,-10.6,19.05,0.91,-2.54,21.46,0.9
7670,Glacier de Corbassière,B83-03,366,2007-09-03,15:55:00,2008-09-08,14:35:00,589152.57,93650.43,2615.68,371.0,-10.71,13.52,0.04,-4.16,16.99,0.04
7723,Glacier de Corbassière,B83-03,366,2007-09-04,07:50:00,2008-09-09,08:00:00,588451.74,94257.69,2453.41,370.0,-4.0,9.3,0.05,-4.75,9.99,0.05
7721,Glacier de Corbassière,B83-03,366,2007-09-04,07:35:00,2008-09-09,07:00:00,588651.6,94321.7,2466.22,370.0,-5.8,11.02,-0.47,-3.28,12.29,-0.46
7725,Glacier de Corbassière,B83-03,366,2007-09-04,08:40:00,2008-09-09,08:30:00,588278.19,94203.03,2461.2,370.0,-0.74,3.37,-0.41,-4.19,3.41,-0.4
8625,Glacier de Corbassière,B83-03,366,2008-09-08,13:50:00,2009-09-07,14:25:00,589231.4,93012.63,2649.26,364.0,-10.35,17.12,0.35,-2.33,20.07,0.35
8621,Glacier de Corbassière,B83-03,366,2008-09-08,13:00:00,2009-09-07,13:27:00,589578.38,93202.82,2643.19,364.0,-5.48,10.8,0.82,-2.12,12.15,0.82
8623,Glacier de Corbassière,B83-03,366,2008-09-08,13:55:00,2009-09-07,14:04:00,589388.03,93095.16,2646.03,364.0,-9.64,17.67,0.84,-3.11,20.2,0.84
8670,Glacier de Corbassière,B83-03,366,2008-09-08,14:35:00,2009-09-07,15:17:00,589151.34,93653.28,2611.52,364.0,-9.32,11.91,0.32,-3.16,15.18,0.32
8723,Glacier de Corbassière,B83-03,366,2008-09-09,08:00:00,2009-09-08,08:00:00,588454.28,94257.76,2448.66,364.0,-4.27,8.02,0.07,-4.44,9.12,0.07
8721,Glacier de Corbassière,B83-03,366,2008-09-09,07:00:00,2009-09-08,07:27:00,588654.18,94315.78,2462.93,364.0,-5.12,9.88,-0.5,-4.26,11.17,-0.5
8725,Glacier de Corbassière,B83-03,366,2008-09-09,08:30:00,2009-09-08,08:37:00,588279.04,94208.76,2456.53,364.0,-0.45,2.74,-0.18,-4.03,2.79,-0.18
9621,Glacier de Corbassière,B83-03,366,2009-09-07,13:30:00,2010-09-01,12:38:00,589579.7,93203.21,2641.07,359.0,-5.05,9.82,0.67,-2.07,11.24,0.68
9623,Glacier de Corbassière,B83-03,366,2009-09-07,14:08:00,2010-09-01,13:01:00,589394.01,93102.56,2642.92,359.0,-8.91,16.07,0.64,-0.1,18.7,0.65
9625,Glacier de Corbassière,B83-03,366,2009-09-07,14:30:00,2010-09-01,13:15:00,589230.8,93014.2,2646.93,359.0,-9.79,15.7,0.17,-1.62,18.83,0.17
9670,Glacier de Corbassière,B83-03,366,2009-09-07,15:15:00,2010-09-01,13:53:00,589153.2,93654.7,2608.37,359.0,-8.53,10.81,0.34,-2.42,14.01,0.35
9725,Glacier de Corbassière,B83-03,366,2009-09-08,08:35:00,2010-09-02,08:28:00,588278.6,94208.3,2452.5,359.0,-0.08,1.99,-0.27,-4.1,2.03,-0.27
9721,Glacier de Corbassière,B83-03,366,2009-09-08,07:25:00,2010-09-02,07:28:00,588655.54,94315.87,2458.68,359.0,-4.47,8.23,-0.38,-4.06,9.52,-0.39
9723,Glacier de Corbassière,B83-03,366,2009-09-08,08:04:00,2010-09-02,07:50:00,588455.07,94257.72,2444.22,359.0,-3.72,6.43,-0.13,-4.85,7.55,-0.13
10670,Glacier de Corbassière,B83-03,366,2010-09-01,13:50:00,2011-08-30,14:10:00,589151.52,93649.58,2605.95,363.0,-8.11,10.57,0.15,-3.95,13.41,0.15
10621,Glacier de Corbassière,B83-03,366,2010-09-01,12:35:00,2011-08-30,12:20:00,589579.57,93203.15,2639.01,363.0,-4.83,9.56,0.54,-3.26,10.78,0.54
10623,Glacier de Corbassière,B83-03,366,2010-09-01,12:58:00,2011-08-30,12:35:00,589391.9,93100.31,2642.82,363.0,-6.73,16.76,-1.05,-4.35,18.17,-1.06
10625,Glacier de Corbassière,B83-03,366,2010-09-01,13:21:00,2011-08-30,13:10:00,589234.54,93011.4,2645.31,363.0,-9.65,16.21,0.07,-3.34,18.98,0.07
10723,Glacier de Corbassière,B83-03,366,2010-09-02,07:53:00,2011-08-31,08:00:00,588446.89,94257.19,2439.36,363.0,-3.4,5.65,-0.37,-5.42,6.63,-0.37
10721,Glacier de Corbassière,B83-03,366,2010-09-02,07:25:00,2011-08-31,07:40:00,588655.82,94316.7,2454.62,363.0,-4.22,7.29,-0.6,-4.86,8.48,-0.6
10725,Glacier de Corbassière,B83-03,366,2010-09-02,08:25:00,2011-08-31,08:15:00,588281.42,94209.2,2448.4,363.0,-0.14,1.62,-0.31,-5.14,1.64,-0.31
11625,Glacier de Corbassière,B83-03,366,2011-08-30,13:50:00,2012-09-17,13:32:00,589231.12,93013.67,2641.97,384.0,-9.94,16.38,0.19,-2.87,18.22,0.18
11621,Glacier de Corbassière,B83-03,366,2011-08-30,13:45:00,2012-09-17,12:52:00,589579.5,93203.44,2635.75,384.0,-4.9,9.36,0.65,-3.05,10.05,0.62
11623,Glacier de Corbassière,B83-03,366,2011-08-30,13:40:00,2012-09-17,13:12:00,589392.64,93100.99,2638.47,384.0,-8.66,15.92,0.7,-3.17,17.24,0.67
11670,Glacier de Corbassière,B83-03,366,2011-08-30,14:20:00,2012-09-17,14:02:00,589150.78,93647.33,2602.0,384.0,-7.99,10.48,0.32,-3.73,12.53,0.3
11723,Glacier de Corbassière,B83-03,366,2011-08-31,08:30:00,2012-09-18,08:22:00,588447.64,94254.23,2433.95,384.0,-3.18,5.34,-0.47,-5.59,5.91,-0.45
11721,Glacier de Corbassière,B83-03,366,2011-08-31,07:55:00,2012-09-18,08:02:00,588667.0,94278.79,2456.3,384.0,-4.77,4.55,-0.11,-4.86,6.27,-0.1
11725,Glacier de Corbassière,B83-03,366,2011-08-31,08:45:00,2012-09-18,08:47:00,588281.48,94208.57,2443.26,384.0,0.06,1.53,-0.67,-4.58,1.46,-0.64
12625,Glacier de Corbassière,B83-03,366,2012-09-17,13:30:00,2013-09-25,14:05:00,589231.86,93012.64,2639.09,373.0,-9.45,15.6,0.33,-1.4,17.86,0.32
12621,Glacier de Corbassière,B83-03,366,2012-09-17,12:50:00,2013-09-25,13:05:00,589580.31,93203.79,2632.7,373.0,-4.67,8.98,0.82,-1.61,9.91,0.8
12623,Glacier de Corbassière,B83-03,366,2012-09-17,13:10:00,2013-09-25,13:40:00,589393.38,93101.77,2635.3,373.0,-8.05,15.44,0.83,-1.76,17.05,0.81
12670,Glacier de Corbassière,B83-03,366,2012-09-17,14:00:00,2013-09-25,15:05:00,589152.55,93647.74,2598.27,373.0,-7.55,9.86,0.61,-2.41,12.16,0.6
12723,Glacier de Corbassière,B83-03,366,2012-09-18,08:20:00,2013-09-26,08:10:00,588448.76,94254.27,2428.36,373.0,-2.58,4.38,-0.18,-4.48,4.98,-0.18
12721,Glacier de Corbassière,B83-03,366,2012-09-18,08:00:00,2013-09-26,07:45:00,588659.69,94268.88,2450.79,373.0,-3.99,6.41,0.11,-4.86,7.39,0.11
12725,Glacier de Corbassière,B83-03,366,2012-09-18,08:45:00,2013-09-26,08:38:00,588281.44,94208.74,2438.68,373.0,-0.01,1.14,-0.39,-4.03,1.12,-0.38
13670,Glacier de Corbassière,B83-03,366,2013-09-25,15:00:00,2014-09-08,15:35:00,589152.88,93648.56,2595.86,348.0,-7.15,9.07,0.71,-2.09,12.12,0.75
13621,Glacier de Corbassière,B83-03,366,2013-09-25,13:00:00,2014-09-08,12:45:00,589579.87,93203.27,2631.09,348.0,-4.76,8.66,0.49,-1.81,10.37,0.51
13623,Glacier de Corbassière,B83-03,366,2013-09-25,13:45:00,2014-09-08,13:35:00,589394.28,93101.72,2633.54,348.0,-7.44,14.26,0.64,-1.86,16.88,0.67
13625,Glacier de Corbassière,B83-03,366,2013-09-25,14:10:00,2014-09-08,14:15:00,589231.67,93012.85,2637.7,348.0,-8.3,14.4,0.3,-1.37,17.44,0.31
13723,Glacier de Corbassière,B83-03,366,2013-09-26,08:05:00,2014-09-09,08:20:00,588452.78,94254.65,2423.88,348.0,-2.47,3.55,-0.16,-3.46,4.54,-0.17
13722,Glacier de Corbassière,B83-03,366,2013-09-26,07:35:00,2014-09-09,07:25:00,588563.16,94290.25,2434.28,348.0,-3.2,4.63,0.14,-3.47,5.91,0.15
13725,Glacier de Corbassière,B83-03,366,2013-09-26,08:35:00,2014-09-09,09:15:00,588298.04,94214.15,2434.65,348.0,-0.13,1.21,-0.39,-2.85,1.28,-0.41
14625,Glacier de Corbassière,B83-03,366,2014-09-08,14:25:00,2015-09-08,14:54:00,589232.51,93013.8,2636.32,365.0,-9.54,15.5,0.21,-3.53,18.21,0.21
14621,Glacier de Corbassière,B83-03,366,2014-09-08,12:40:00,2015-09-08,13:33:00,589581.45,93204.43,2629.28,365.0,-5.04,9.4,0.55,-4.03,10.67,0.55
14623,Glacier de Corbassière,B83-03,366,2014-09-08,13:45:00,2015-09-08,14:12:00,589394.2,93102.26,2631.68,365.0,-8.25,15.58,0.67,-3.25,17.64,0.67
14670,Glacier de Corbassière,B83-03,366,2014-09-08,15:30:00,2015-09-08,15:44:00,589152.21,93649.15,2593.76,365.0,-7.44,9.58,0.53,-5.57,12.14,0.53
14723,Glacier de Corbassière,B83-03,366,2014-09-09,08:25:00,2015-09-09,08:22:00,588455.89,94252.96,2420.41,365.0,-3.47,3.0,-4.94,-10.19,4.59,-4.94
14722,Glacier de Corbassière,B83-03,366,2014-09-09,07:20:00,2015-09-09,09:06:00,588563.45,94289.7,2430.81,365.0,-4.09,3.82,-0.71,-6.92,5.6,-0.71
14725,Glacier de Corbassière,B83-03,366,2014-09-09,09:10:00,2015-09-09,07:46:00,588294.79,94212.23,2431.8,365.0,0.58,0.57,-0.47,-4.45,0.81,-0.47
15625,Glacier de Corbassière,B83-03,366,2015-09-08,14:54:00,2016-09-13,16:03:00,589230.76,93012.18,2632.79,371.0,-8.3,14.24,0.18,-1.76,16.23,0.18
15621,Glacier de Corbassière,B83-03,366,2015-09-08,13:35:00,2016-09-13,15:15:00,589577.14,93202.09,2625.25,371.0,-4.28,7.99,0.32,-2.45,8.92,0.31
15623,Glacier de Corbassière,B83-03,366,2015-09-08,14:11:00,2016-09-13,15:43:00,589392.04,93099.16,2628.89,371.0,-7.11,14.07,0.66,-2.12,15.52,0.65
15670,Glacier de Corbassière,B83-03,366,2015-09-08,15:42:00,2016-09-13,16:40:00,589150.07,93651.46,2589.24,371.0,-6.35,8.46,0.94,-2.12,10.41,0.93
15725,Glacier de Corbassière,B83-03,366,2015-09-09,07:47:00,2016-09-14,09:55:00,588297.34,94212.45,2427.29,371.0,-0.93,1.25,1.69,-1.75,1.53,1.66
15722,Glacier de Corbassière,B83-03,366,2015-09-09,09:05:00,2016-09-14,07:59:00,588556.5,94285.14,2423.9,371.0,-4.6,3.79,-0.59,-5.11,5.87,-0.58
15723,Glacier de Corbassière,B83-03,366,2015-09-09,08:22:00,2016-09-14,08:39:00,588451.47,94254.57,2409.69,371.0,-2.53,3.34,-2.56,-6.37,4.13,-2.52
16623,Glacier de Corbassière,B83-03,366,2016-09-13,15:46:00,2017-09-21,15:59:00,589391.96,93100.91,2626.47,373.0,-7.3,14.04,0.7,-3.19,15.5,0.69
16670,Glacier de Corbassière,B83-03,366,2016-09-13,16:35:00,2017-09-21,16:52:00,589150.68,93650.26,2587.12,373.0,-6.54,7.71,0.96,-4.18,9.9,0.94
16625,Glacier de Corbassière,B83-03,366,2016-09-13,16:00:00,2017-09-21,16:15:00,589229.34,93011.91,2631.03,373.0,-8.76,14.73,0.24,-3.18,16.78,0.24
16621,Glacier de Corbassière,B83-03,366,2016-09-13,15:20:00,2017-09-21,15:35:00,589577.1,93201.68,2622.85,373.0,-4.33,7.94,0.46,-3.51,8.86,0.45
16721,Glacier de Corbassière,B83-03,366,2016-09-14,08:07:00,2017-09-22,09:55:00,588648.61,94310.85,2423.41,373.0,-3.71,3.72,-0.69,-6.58,5.14,-0.68
16725,Glacier de Corbassière,B83-03,366,2016-09-14,09:52:00,2017-09-22,08:49:00,588313.66,94213.35,2424.01,373.0,0.03,1.41,-0.47,-0.22,1.38,-0.46
16723,Glacier de Corbassière,B83-03,366,2016-09-14,08:37:00,2017-09-22,09:26:00,588449.07,94256.81,2403.11,373.0,-2.2,3.72,-5.13,-10.7,4.23,-5.02
17625,Glacier de Corbassière,B83-03,366,2017-09-21,16:12:00,2018-09-17,14:56:00,589230.02,93012.02,2627.85,361.0,-7.86,13.72,0.16,-2.24,16.0,0.16
17621,Glacier de Corbassière,B83-03,366,2017-09-21,15:34:00,2018-09-17,14:05:00,589577.39,93201.91,2619.29,361.0,-4.35,7.46,0.44,-3.16,8.74,0.45
17670,Glacier de Corbassière,B83-03,366,2017-09-21,17:09:00,2018-09-17,15:23:00,589155.1,93650.81,2583.06,361.0,-5.91,7.71,0.76,-3.49,9.83,0.77
17623,Glacier de Corbassière,B83-03,366,2017-09-21,15:57:00,2018-09-17,14:33:00,589392.04,93100.88,2623.28,361.0,-6.85,13.03,0.73,-2.84,14.9,0.74
17723,Glacier de Corbassière,B83-03,366,2017-09-22,09:44:00,2018-09-18,07:44:00,588455.8,94259.02,2392.83,361.0,-2.97,2.5,-3.94,-6.66,3.93,-3.99
17721,Glacier de Corbassière,B83-03,366,2017-09-22,09:54:00,2018-09-18,07:19:00,588650.73,94314.59,2416.48,361.0,-3.28,3.49,-0.86,-6.99,4.85,-0.87
17725,Glacier de Corbassière,B83-03,366,2017-09-22,09:15:00,2018-09-18,08:09:00,588320.63,94216.99,2418.71,361.0,1.49,0.59,-1.31,-4.61,1.62,-1.33
18623,Glacier de Corbassière,B83-03,366,2018-09-17,14:32:00,2019-09-27,14:52:00,589389.97,93100.44,2620.91,375.0,-5.7,11.66,0.78,-2.7,12.64,0.76
18621,Glacier de Corbassière,B83-03,366,2018-09-17,14:04:00,2019-09-27,14:24:00,589576.7,93201.63,2616.13,375.0,-3.16,6.42,0.63,-3.07,6.97,0.61
18670,Glacier de Corbassière,B83-03,366,2018-09-17,15:25:00,2019-09-27,15:45:00,589151.83,93645.53,2579.9,375.0,-6.33,5.21,0.91,-3.5,7.99,0.89
18625,Glacier de Corbassière,B83-03,366,2018-09-17,14:55:00,2019-09-27,15:11:00,589230.62,93006.84,2625.6,375.0,-6.88,12.07,0.38,-3.23,13.53,0.37
18721,Glacier de Corbassière,B83-03,366,2018-09-18,07:18:00,2019-09-28,07:36:00,588651.57,94310.69,2410.28,375.0,-4.03,2.78,-1.38,-6.89,4.77,-1.34
18723,Glacier de Corbassière,B83-03,366,2018-09-18,07:43:00,2019-09-28,08:17:00,588459.59,94256.74,2387.0,375.0,-2.62,3.06,-5.26,-8.35,3.92,-5.12
18725,Glacier de Corbassière,B83-03,366,2018-09-18,08:35:00,2019-09-28,09:07:00,588324.81,94197.81,2416.71,375.0,-0.1,0.75,0.29,,0.74,0.28
19623,Glacier de Corbassière,B83-03,366,2019-09-27,14:49:00,2020-09-08,12:56:00,589386.54,93100.2,2618.24,347.0,-5.64,10.82,0.77,-2.28,12.85,0.81
19625,Glacier de Corbassière,B83-03,366,2019-09-27,15:09:00,2020-09-08,13:15:00,589227.54,93009.4,2622.6,347.0,-6.62,10.94,0.31,-2.44,13.46,0.33
19621,Glacier de Corbassière,B83-03,366,2019-09-27,14:27:00,2020-09-08,12:34:00,589575.89,93202.21,2613.02,347.0,-3.54,5.99,0.56,-2.75,7.33,0.59
19721,Glacier de Corbassière,B83-03,366,2019-09-28,07:40:00,2020-09-09,07:22:00,588648.55,94310.09,2402.68,347.0,-2.24,2.09,-1.49,-6.93,3.22,-1.57
19725,Glacier de Corbassière,B83-03,366,2019-09-28,09:23:00,2020-09-09,08:50:00,588328.56,94194.16,2411.88,347.0,0.04,1.99,-3.86,-4.15,2.1,-4.06
19723,Glacier de Corbassière,B83-03,366,2019-09-28,08:22:00,2020-09-09,08:04:00,588460.14,94258.25,2376.74,347.0,-2.28,2.36,-2.81,-7.12,3.45,-2.96
20621,Glacier de Corbassière,B83-03,366,2020-09-08,12:36:00,2021-09-14,13:24:00,589580.65,93203.95,2610.91,371.0,-3.47,6.3,0.64,-2.75,7.08,0.63
20675,Glacier de Corbassière,B83-03,366,2020-09-08,14:49:00,2021-09-14,14:44:00,588806.5,93401.33,2571.57,371.0,-4.08,3.98,0.2,-2.75,5.61,0.2
20673,Glacier de Corbassière,B83-03,366,2020-09-08,14:25:00,2021-09-14,15:08:00,588946.49,93511.74,2571.95,371.0,-4.82,5.82,0.95,-3.0,7.44,0.94
20670,Glacier de Corbassière,B83-03,366,2020-09-08,14:01:00,2021-09-14,15:29:00,589147.12,93647.19,2572.7,371.0,-4.3,6.13,0.79,-2.99,7.37,0.78
20625,Glacier de Corbassière,B83-03,366,2020-09-08,13:17:00,2021-09-14,14:21:00,589225.13,93010.24,2620.09,371.0,-6.57,12.01,0.57,-2.18,13.48,0.56
20623,Glacier de Corbassière,B83-03,366,2020-09-08,12:58:00,2021-09-14,13:55:00,589390.87,93098.28,2616.01,371.0,-5.57,11.7,0.78,-2.32,12.76,0.77
20723,Glacier de Corbassière,B83-03,366,2020-09-09,08:07:00,2021-09-15,08:06:00,588446.5,94251.17,2371.0,371.0,-0.11,2.29,-2.82,-5.05,2.26,-2.78
20721,Glacier de Corbassière,B83-03,366,2020-09-09,07:26:00,2021-09-15,07:29:00,588654.79,94312.25,2396.28,371.0,-2.16,2.13,-0.63,-6.05,2.99,-0.62
21623,Glacier de Corbassière,B83-03,366,2021-09-14,14:00:00,2022-09-01,14:25:00,589383.41,93099.07,2613.67,352.0,-5.47,11.11,0.74,-4.14,12.85,0.77
21621,Glacier de Corbassière,B83-03,366,2021-09-14,13:28:00,2022-09-01,14:05:00,589580.79,93204.67,2608.02,352.0,-3.01,5.71,0.13,-4.04,6.7,0.13
21625,Glacier de Corbassière,B83-03,366,2021-09-14,14:19:00,2022-09-01,14:46:00,589234.71,93015.86,2617.87,352.0,-6.55,11.36,0.15,-4.29,13.61,0.16
21675,Glacier de Corbassière,B83-03,366,2021-09-14,14:46:00,2022-09-01,15:12:00,588808.25,93403.64,2568.28,352.0,-3.63,3.65,0.37,-5.56,5.34,0.38
21673,Glacier de Corbassière,B83-03,366,2021-09-14,15:05:00,2022-09-01,15:32:00,588950.0,93500.02,2568.66,352.0,-4.72,5.19,0.89,-4.47,7.28,0.92
21670,Glacier de Corbassière,B83-03,366,2021-09-14,15:25:00,2022-09-01,15:56:00,589143.27,93645.32,2569.84,352.0,-4.21,5.76,0.94,-4.71,7.4,0.98
21721,Glacier de Corbassière,B83-03,366,2021-09-15,07:33:00,2022-09-02,10:03:00,588655.82,94312.44,2390.35,352.0,-1.0,0.58,1.8,,1.2,1.87
22623,Glacier de Corbassière,B83-03,366,2022-09-01,14:23:00,2023-09-12,13:05:00,589385.54,93101.51,2609.42,376.0,-5.93,11.05,0.59,-4.04,12.18,0.57
22675,Glacier de Corbassière,B83-03,366,2022-09-01,15:10:00,2023-09-12,14:02:00,588801.12,93397.26,2563.21,376.0,-3.51,2.96,0.12,-4.97,4.46,0.12
22625,Glacier de Corbassière,B83-03,366,2022-09-01,14:44:00,2023-09-12,13:20:00,589225.36,93009.42,2613.67,376.0,-6.44,10.97,0.23,-4.08,12.36,0.22
22621,Glacier de Corbassière,B83-03,366,2022-09-01,14:05:00,2023-09-12,12:46:00,589579.35,93203.39,2603.9,376.0,-3.85,6.28,0.58,-3.82,7.16,0.57
22673,Glacier de Corbassière,B83-03,366,2022-09-02,09:18:00,2023-09-12,13:47:00,588950.32,93500.74,2564.19,375.0,-4.12,4.57,0.83,-4.43,5.99,0.81
22670,Glacier de Corbassière,B83-03,366,2022-09-02,08:47:00,2023-09-12,14:27:00,589144.07,93639.05,2565.88,375.0,-4.92,5.82,-0.34,-4.39,7.42,-0.33
23670,Glacier de Corbassière,B83-03,366,2023-09-12,14:25:00,2024-09-10,16:45:00,589147.92,93647.23,2560.67,364.0,-4.76,5.83,1.12,-4.13,7.55,1.12
23621,Glacier de Corbassière,B83-03,366,2023-09-12,12:44:00,2024-09-10,15:39:00,589579.76,93200.79,2600.15,364.0,-4.61,6.43,-0.27,-3.85,7.94,-0.27
23623,Glacier de Corbassière,B83-03,366,2023-09-12,13:01:00,2024-09-10,14:44:00,589389.43,93099.35,2605.09,364.0,-5.77,11.21,0.64,-3.68,12.65,0.65
23625,Glacier de Corbassière,B83-03,366,2023-09-12,13:18:00,2024-09-10,15:13:00,589228.21,93008.95,2609.69,364.0,-6.38,11.21,0.13,-3.65,12.94,0.14
23675,Glacier de Corbassière,B83-03,366,2023-09-12,14:00:00,2024-09-10,16:24:00,588803.9,93401.14,2557.99,364.0,-3.16,2.82,0.45,-4.4,4.25,0.45
23673,Glacier de Corbassière,B83-03,366,2023-09-12,13:44:00,2024-09-10,16:09:00,588951.42,93496.78,2559.8,364.0,-4.64,4.82,1.06,-3.97,6.71,1.06
23675,Glacier de Corbassière,B83-03,366,2024-09-10,16:24:00,2025-09-11,13:50:00,588800.74,93403.96,2553.07,365.89,-2.91,0.32,-2.83,,2.92,-2.82
24560,Glacier de Corbassière,B83-03,366,2024-09-10,13:34:00,2025-09-11,11:16:00,589751.39,90976.29,2861.16,365.9,0.19,2.96,0.04,-5.85,2.96,0.04
24580,Glacier de Corbassière,B83-03,366,2024-09-10,14:18:00,2025-09-11,11:56:00,589571.61,92158.57,2698.72,365.9,-3.6,20.0,-0.57,-3.66,20.29,-0.57
24621,Glacier de Corbassière,B83-03,366,2024-09-10,15:50:00,2025-09-11,12:27:00,589578.71,93201.19,2596.09,365.86,-4.16,5.35,0.08,-4.18,6.77,0.08
24623,Glacier de Corbassière,B83-03,366,2024-09-10,14:43:00,2025-09-11,12:47:00,589390.75,93094.54,2601.85,365.92,-5.05,9.73,0.56,-4.08,10.95,0.56
24673,Glacier de Corbassière,B83-03,366,2024-09-10,16:11:00,2025-09-11,13:34:00,588947.46,93498.47,2555.86,365.89,-3.73,3.71,0.93,-3.57,5.25,0.93
24670,Glacier de Corbassière,B83-03,366,2024-09-10,16:43:00,2025-09-11,14:08:00,589139.27,93647.63,2556.37,365.89,-4.12,4.76,0.93,-4.3,6.29,0.93
24625,Glacier de Corbassière,B83-03,366,2024-09-10,15:12:00,2025-09-11,13:08:00,589226.69,93010.12,2605.98,365.91,-5.16,9.8,0.12,-3.91,11.06,0.12
